{"type":"FeatureCollection","features":[{"type":"Feature","properties":{},"geometry":{"type":"MultiLineString","coordinates":[[[-2.20071,-2.83844],[-2.18008,-2.84228],[-2.17438,-2.87915],[-2.16078,-2.916],[-2.14893,-2.91844],[-2.11279,-2.94295],[-2.10383,-2.94509]],[[-2.25667,-2.87314],[-2.24114,-2.85718],[-2.22177,-2.84452],[-2.20071,-2.83844]],[[-2.09598,-2.94443],[-2.09,-2.94922],[-2.08438,-2.97706],[-2.07552,-2.99108],[-2.07285,-2.99821],[-2.07351,-3.0079],[-2.08023,-3.02532],[-2.08102,-3.03499],[-2.07853,-3.04197],[-2.06457,-3.05205],[-2.06066,-3.0573],[-2.05185,-3.07408],[-2.04235,-3.08391],[-2.03156,-3.08821]],[[-2.10383,-2.94509],[-2.09598,-2.94443]],[[-1.97138,-3.07818],[-1.95988,-3.08083],[-1.95409,-3.08502],[-1.94466,-3.10155],[-1.93719,-3.10893],[-1.93004,-3.11156]],[[-2.03156,-3.08821],[-2.01989,-3.08845],[-1.97138,-3.07818]],[[-1.90304,-3.09751],[-1.89855,-3.10266],[-1.89331,-3.11329],[-1.89144,-3.12083],[-1.88807,-3.12592],[-1.87832,-3.12925]],[[-1.93004,-3.11156],[-1.92198,-3.11015],[-1.91182,-3.10544],[-1.90773,-3.10166],[-1.90545,-3.0981],[-1.90304,-3.09751]],[[-1.84497,-3.12756],[-1.74496,-3.15422]],[[-1.87832,-3.12925],[-1.84497,-3.12756]],[[-2.51031,-2.84537],[-2.50061,-2.84937],[-2.50112,-2.85649],[-2.50483,-2.8662],[-2.50474,-2.87788],[-2.49284,-2.88516]],[[-2.58632,-2.89085],[-2.57584,-2.88864],[-2.51904,-2.84722],[-2.51031,-2.84537]],[[-2.49284,-2.88516],[-2.4118,-2.87785],[-2.37067,-2.86128],[-2.34804,-2.85724]],[[-2.74318,-2.85738],[-2.72918,-2.86085],[-2.69718,-2.88139]],[[-2.80189,-2.87946],[-2.75761,-2.8586],[-2.74318,-2.85738]],[[-3.05081,-2.84689],[-3.02892,-2.86121],[-3.02513,-2.87531],[-3.03043,-2.90699],[-3.01837,-2.92279]],[[-3.22594,-2.90241],[-3.20947,-2.89861],[-3.18472,-2.89625],[-3.13541,-2.89783],[-3.11163,-2.89351],[-3.08071,-2.87861],[-3.05571,-2.85719],[-3.05081,-2.84689]],[[-2.66532,-2.87311],[-2.58632,-2.89085]],[[-2.69718,-2.88139],[-2.68958,-2.88097],[-2.66532,-2.87311]],[[-2.83319,-2.87486],[-2.80189,-2.87946]],[[-2.8491,-2.88775],[-2.84892,-2.88694],[-2.84098,-2.87747],[-2.83319,-2.87486]],[[-2.89199,-2.87414],[-2.86258,-2.88065],[-2.8491,-2.88775]],[[-2.92316,-2.91591],[-2.90964,-2.91306],[-2.8991,-2.90764],[-2.89279,-2.89592],[-2.89199,-2.87414]],[[-3.27688,-2.85999],[-3.24732,-2.89083],[-3.22594,-2.90241]],[[-2.96375,-2.89278],[-2.93362,-2.91321],[-2.92316,-2.91591]],[[-3.01837,-2.92279],[-3.00162,-2.91623],[-2.98261,-2.9015],[-2.96375,-2.89278]],[[-0.77345,-0.79646],[-0.76259,-0.81102],[-0.78825,-0.82398],[-0.79423,-0.82468]],[[-0.81582,-0.82543],[-0.82146,-0.8246],[-0.8292,-0.81501],[-0.83473,-0.81173]],[[-0.83473,-0.81173],[-0.84659,-0.81347],[-0.85476,-0.82219],[-0.86286,-0.83408],[-0.8745,-0.84539],[-0.91047,-0.85925],[-1.00461,-0.92878],[-1.04571,-0.93211]],[[-0.79423,-0.82468],[-0.80004,-0.82287],[-0.80485,-0.82273]],[[-0.80485,-0.82273],[-0.81582,-0.82543]],[[-1.04571,-0.93211],[-1.08963,-0.90273]],[[-1.08963,-0.90273],[-1.10725,-0.94444],[-1.11678,-0.95878],[-1.14274,-0.97879],[-1.15807,-0.98465],[-1.17197,-0.98565],[-1.18743,-0.99076],[-1.20628,-1.00659],[-1.22136,-1.02725],[-1.22507,-1.0374]],[[-0.73453,-2.31861],[-0.74157,-2.32673]],[[-0.74157,-2.32673],[-0.77125,-2.32455]],[[-0.77125,-2.32455],[-0.79108,-2.34269],[-0.81023,-2.34292]],[[-0.81023,-2.34292],[-0.82366,-2.34121]],[[-0.82366,-2.34121],[-0.8539,-2.35924],[-0.86095,-2.3654],[-0.87254,-2.38477],[-0.87895,-2.39015]],[[-0.87895,-2.39015],[-0.94453,-2.36141]],[[-0.94453,-2.36141],[-0.96444,-2.36907],[-0.9696,-2.38821],[-0.96011,-2.40492],[-0.94575,-2.41995],[-0.93637,-2.43413],[-0.9378,-2.45472],[-0.9499,-2.47018],[-0.97934,-2.49286],[-0.99682,-2.51825],[-1.00438,-2.52262]],[[-1.00438,-2.52262],[-1.03577,-2.52027]],[[-1.03577,-2.52027],[-1.04411,-2.52484],[-1.04672,-2.53403],[-1.04229,-2.55622],[-1.04206,-2.56546]],[[1.42859,-1.16104],[1.422,-1.15963],[1.41577,-1.15215],[1.41345,-1.14463],[1.40988,-1.13858],[1.3999,-1.13558]],[[1.3999,-1.13558],[1.38415,-1.1394],[1.32194,-1.18046],[1.27533,-1.18611]],[[1.49546,-1.23134],[1.50044,-1.19315],[1.46837,-1.19333],[1.458,-1.18505],[1.44715,-1.1648],[1.44196,-1.15928]],[[1.44196,-1.15928],[1.42859,-1.16104]],[[1.53894,-1.39408],[1.53367,-1.37587],[1.54609,-1.32526],[1.53428,-1.27047],[1.53168,-1.23803],[1.52204,-1.21867]],[[1.52204,-1.21867],[1.49546,-1.23134]],[[1.59903,-1.41349],[1.58731,-1.41029],[1.57813,-1.38842],[1.54816,-1.3879]],[[1.54816,-1.3879],[1.53894,-1.39408]],[[1.81127,-1.69579],[1.75889,-1.68106],[1.74742,-1.66849],[1.74662,-1.65041],[1.75895,-1.54593],[1.75774,-1.50949],[1.76399,-1.48411],[1.76469,-1.47301],[1.75768,-1.44828],[1.74953,-1.43085],[1.74708,-1.41324],[1.75723,-1.38797]],[[1.75723,-1.38797],[1.73697,-1.38955],[1.69071,-1.42407]],[[1.63284,-1.41545],[1.61205,-1.41034]],[[1.61205,-1.41034],[1.59903,-1.41349]],[[1.69071,-1.42407],[1.6623,-1.42431],[1.65913,-1.42116],[1.65636,-1.41228],[1.65478,-1.40991],[1.64738,-1.40985]],[[1.64738,-1.40985],[1.63284,-1.41545]],[[1.9729,-1.75187],[1.88806,-1.73991],[1.87952,-1.73526],[1.8629,-1.71374],[1.84121,-1.69914],[1.82319,-1.6794],[1.81024,-1.67344]],[[1.81024,-1.67344],[1.81127,-1.69579]],[[2.00036,-1.74783],[1.9729,-1.75187]],[[-0.61232,-1.91036],[-0.58473,-1.90279],[-0.56748,-1.89295],[-0.56631,-1.87006]],[[-0.66815,-1.90458],[-0.61232,-1.91036]],[[-0.80066,-2.14883],[-0.78609,-2.13908],[-0.78588,-2.12736],[-0.80419,-2.09996],[-0.81457,-2.07733],[-0.83288,-2.0004],[-0.79323,-1.98376],[-0.76513,-1.96912],[-0.72205,-1.93479],[-0.69395,-1.92127],[-0.68148,-1.91168],[-0.66815,-1.90458]],[[-0.264,-3.1953],[-0.28338,-3.18396],[-0.30393,-3.1662],[-0.32173,-3.14357],[-0.32405,-3.12186],[-0.3144,-3.10064],[-0.29624,-3.07944],[-0.31476,-3.06819]],[[-0.03719,-3.17863],[-0.04917,-3.17549],[-0.05714,-3.16889],[-0.08659,-3.11051],[-0.09451,-3.10498]],[[-0.09451,-3.10498],[-0.10488,-3.10756],[-0.10834,-3.11823],[-0.10791,-3.14671],[-0.117,-3.17526],[-0.17835,-3.23317]],[[-0.17835,-3.23317],[-0.19557,-3.22536],[-0.21083,-3.21595],[-0.21609,-3.20253],[-0.2191,-3.18621],[-0.22768,-3.16809]],[[-0.22768,-3.16809],[-0.24551,-3.19256],[-0.264,-3.1953]],[[0.01932,-3.21318],[0.00802,-3.20892],[0.00231,-3.19621],[0.00322,-3.1719]],[[0.00322,-3.1719],[-0.00279,-3.17472],[-0.03719,-3.17863]],[[0.17844,-3.27158],[0.1583,-3.25545],[0.13832,-3.24512],[0.11194,-3.23865],[0.08002,-3.23777],[0.0805,-3.23736],[0.06888,-3.23223],[0.04518,-3.21503],[0.03521,-3.21214]],[[0.03521,-3.21214],[0.01932,-3.21318]],[[-1.13819,0.69675],[-1.12698,0.68173],[-1.11832,0.66199],[-1.11508,0.64012],[-1.12011,0.6187],[-1.1249,0.6157],[-1.14043,0.61552],[-1.14621,0.61366],[-1.15112,0.59038],[-1.154,0.58262]],[[-1.154,0.58262],[-1.1568,0.58335],[-1.15974,0.58589]],[[-1.15974,0.58589],[-1.16306,0.58357],[-1.18004,0.55313],[-1.20308,0.52923]],[[-1.20308,0.52923],[-1.21281,0.53],[-1.24389,0.54646],[-1.25894,0.54789]],[[-1.25894,0.54789],[-1.29554,0.5385],[-1.31401,0.52885],[-1.32664,0.5117],[-1.32816,0.50122],[-1.32618,0.4761],[-1.32671,0.46492],[-1.34101,0.45766],[-1.34233,0.44928],[-1.34301,0.43145],[-1.36604,0.3201],[-1.38506,0.27239],[-1.4122,0.26107]],[[-1.4122,0.26107],[-1.42816,0.28452]],[[-1.42816,0.28452],[-1.4531,0.26937]],[[-0.78926,0.72338],[-0.86604,0.79439]],[[-0.86604,0.79439],[-0.9014,0.77849]],[[-0.9014,0.77849],[-0.91136,0.78061],[-0.92452,0.78708],[-0.94793,0.79123]],[[-0.94793,0.79123],[-0.94921,0.78545],[-0.95456,0.77013],[-0.95583,0.76437]],[[-0.95583,0.76437],[-0.9709,0.76796]],[[-0.9709,0.76796],[-0.98621,0.76517],[-0.99806,0.75427],[-1.00275,0.73344]],[[-1.00275,0.73344],[-1.03857,0.74416]],[[-1.03857,0.74416],[-1.0714,0.73542],[-1.13819,0.69675]],[[-0.77345,-0.79646],[-0.75494,-0.79737]],[[-1.09524,-0.13771],[-1.0779,-0.15293],[-1.0796,-0.17603],[-1.1178,-0.25062],[-1.11737,-0.27883],[-1.1055,-0.30082],[-1.07311,-0.31407],[-1.06395,-0.32072],[-1.04855,-0.3418],[-1.04376,-0.3563],[-1.0452,-0.36829],[-1.04856,-0.38013],[-1.04959,-0.39419],[-1.04579,-0.40476],[-1.02314,-0.41991],[-1.01661,-0.44074],[-1.0138,-0.46929],[-1.00701,-0.49219],[-0.98859,-0.49599],[-1.00107,-0.5168],[-1.01397,-0.52817],[-1.03162,-0.53693],[-1.03074,-0.53858],[-1.03305,-0.55775],[-1.02513,-0.56662],[-0.97823,-0.56898],[-0.96839,-0.57441],[-0.96185,-0.58508],[-0.96142,-0.59849],[-0.96738,-0.62653],[-0.96443,-0.63953],[-0.95848,-0.64495],[-0.95026,-0.64765],[-0.93443,-0.64862]],[[-0.88388,-0.6341],[-0.86723,-0.63515],[-0.86089,-0.63915],[-0.85694,-0.64518],[-0.84999,-0.66047],[-0.84616,-0.6658],[-0.83709,-0.67368],[-0.78971,-0.69945],[-0.77814,-0.71974],[-0.78046,-0.75546],[-0.78903,-0.78253],[-0.77345,-0.79646]],[[-0.93443,-0.64862],[-0.88388,-0.6341]],[[-2.27335,1.34615],[-2.27574,1.3271],[-2.28647,1.31654],[-2.3007,1.30874]],[[-0.48853,-0.82193],[-0.49725,-0.82052],[-0.57731,-0.76887],[-0.62667,-0.75963],[-0.63376,-0.75427],[-0.6477,-0.73895],[-0.65281,-0.73522],[-0.65841,-0.7334]],[[-0.65841,-0.7334],[-0.66992,-0.73378],[-0.68243,-0.74071],[-0.69504,-0.75453],[-0.70579,-0.77196],[-0.71278,-0.78972],[-0.75494,-0.79737]],[[-0.35631,-0.7609],[-0.37894,-0.78058],[-0.39512,-0.78816]],[[-0.39512,-0.78816],[-0.44466,-0.78374]],[[-0.44466,-0.78374],[-0.44902,-0.78622],[-0.46202,-0.80915],[-0.46984,-0.81616],[-0.47876,-0.82035],[-0.48853,-0.82193]],[[2.80365,-1.76748],[2.78979,-1.76522]],[[2.78979,-1.76522],[2.77917,-1.77294],[2.75926,-1.79843],[2.70233,-1.83082],[2.64928,-1.88937],[2.62821,-1.89314],[2.62468,-1.8989],[2.6219,-1.92062],[2.61925,-1.93048],[2.60397,-1.95284],[2.59402,-1.98278],[2.58182,-1.98898]],[[2.58182,-1.98898],[2.51021,-1.98974],[2.4774,-1.9815],[2.45166,-1.96309],[2.4012,-1.90917]],[[2.4012,-1.90917],[2.37402,-1.95134],[2.35497,-1.96896],[2.32798,-1.97902],[2.3353,-2.00055],[2.33772,-2.02408],[2.33208,-2.04595],[2.31518,-2.06244]],[[2.31518,-2.06244],[2.30144,-2.0585],[2.27586,-2.0209],[2.2606,-2.01507],[2.25665,-2.00682],[2.24299,-1.98663],[2.23945,-1.97826],[2.23941,-1.97826],[2.23931,-1.97826],[2.23915,-1.97826],[2.23892,-1.97826],[2.23864,-1.97826],[2.2383,-1.97825],[2.2379,-1.97825],[2.23746,-1.97824],[2.23697,-1.97824],[2.23643,-1.97823],[2.23585,-1.97823],[2.23524,-1.97822],[2.23458,-1.97822],[2.2339,-1.97821],[2.23318,-1.97821],[2.23244,-1.9782],[2.23167,-1.97819],[2.23087,-1.97818],[2.23006,-1.97818],[2.22923,-1.97817],[2.22839,-1.97816],[2.22754,-1.97815],[2.22668,-1.97814],[2.22581,-1.97814],[2.22494,-1.97813],[2.22407,-1.97812],[2.2232,-1.97811],[2.22234,-1.9781],[2.22149,-1.97809],[2.22065,-1.97809],[2.21982,-1.97808],[2.21901,-1.97807],[2.21821,-1.97806],[2.21744,-1.97806],[2.2167,-1.97805],[2.21598,-1.97804],[2.2153,-1.97803],[2.21464,-1.97803],[2.21403,-1.97802],[2.21345,-1.97802],[2.21291,-1.97801],[2.21242,-1.978],[2.21198,-1.978],[2.21159,-1.978],[2.21124,-1.97799],[2.21096,-1.97799],[2.21073,-1.97799],[2.21057,-1.97798],[2.21043,-1.97798]],[[2.21043,-1.97798],[2.19575,-1.98452],[2.16738,-2.01875],[2.15647,-2.02782],[2.13221,-2.04032],[2.12136,-2.04913],[2.1144,-2.05955],[2.10237,-2.09309],[2.09606,-2.1021],[2.08893,-2.11016],[2.08279,-2.1191],[2.0798,-2.13083],[2.08205,-2.1396],[2.08772,-2.14339],[2.0918,-2.14976],[2.08997,-2.16628],[2.0894,-2.18725]],[[2.0894,-2.18725],[2.05226,-2.16064],[2.03162,-2.15745]],[[2.03162,-2.15745],[2.02375,-2.18163],[2.0278,-2.19478],[2.04573,-2.20837],[2.07501,-2.2425],[2.08222,-2.256],[2.07478,-2.26468]],[[2.07478,-2.26468],[2.05955,-2.26421],[2.02845,-2.25064],[2.01321,-2.24769]],[[2.01321,-2.24769],[1.94304,-2.27211]],[[1.94304,-2.27211],[1.92333,-2.27081]],[[2.61394,-2.62664],[2.62881,-2.64356]],[[2.56614,-2.6443],[2.58255,-2.63964],[2.5985,-2.62954],[2.61394,-2.62664]],[[2.54105,-2.63406],[2.54695,-2.63387],[2.55191,-2.63592],[2.56113,-2.64246],[2.56614,-2.6443]],[[2.51313,-2.64426],[2.52495,-2.64217],[2.54105,-2.63406]],[[2.34453,-2.6438],[2.36055,-2.6518],[2.40676,-2.69381],[2.42735,-2.70486]],[[2.19385,-2.779],[2.19979,-2.77475],[2.20981,-2.75144],[2.22487,-2.73391],[2.27271,-2.7101],[2.32296,-2.6542],[2.34453,-2.6438]],[[2.48919,-2.6425],[2.51313,-2.64426]],[[2.42735,-2.70486],[2.44995,-2.69928],[2.45986,-2.68136],[2.46608,-2.66032],[2.47757,-2.6454],[2.48919,-2.6425]],[[2.01004,-2.6993],[2.06673,-2.72997],[2.08635,-2.72965]],[[1.99303,-2.72601],[1.9967,-2.72179],[2.01004,-2.6993]],[[2.11954,-2.70407],[2.1282,-2.70921],[2.14302,-2.72913],[2.15446,-2.73588],[2.16421,-2.7452],[2.18079,-2.77541],[2.19385,-2.779]],[[2.08635,-2.72965],[2.09608,-2.72239],[2.10016,-2.71295],[2.10563,-2.70547],[2.11954,-2.70407]],[[1.58655,-2.72173],[1.50926,-2.6862],[1.49359,-2.67492],[1.42149,-2.60874],[1.3756,-2.58121],[1.27872,-2.54618]],[[1.87128,-2.79599],[1.83379,-2.79399],[1.74801,-2.77081],[1.73449,-2.76449],[1.72173,-2.75557],[1.69888,-2.73311],[1.69095,-2.72804],[1.68242,-2.72642],[1.67039,-2.72636],[1.6314,-2.72027]],[[1.6314,-2.72027],[1.58655,-2.72173]],[[1.99295,-2.7261],[1.98037,-2.74058],[1.96293,-2.75298],[1.91517,-2.76574],[1.89962,-2.78039],[1.87128,-2.79599]],[[-0.75263,-3.00815],[-0.76336,-3.00503],[-0.78271,-2.98566],[-0.80544,-2.97006],[-0.81226,-2.9631],[-0.84297,-2.9182],[-0.85562,-2.90733],[-0.87787,-2.90001],[-0.95152,-2.85381],[-0.94603,-2.84283],[-0.93916,-2.83482],[-0.93092,-2.82978],[-0.92133,-2.82769],[-0.92292,-2.81201],[-0.92857,-2.80195],[-0.94594,-2.78624],[-0.95478,-2.77451],[-0.9794,-2.70235],[-0.98066,-2.69212],[-1.0037,-2.68319],[-1.02616,-2.66947],[-1.0262,-2.64502],[-1.04756,-2.59951],[-1.04206,-2.56546]],[[-0.70473,-3.065],[-0.70906,-3.0483],[-0.70784,-3.03234],[-0.7022,-3.01924],[-0.69326,-3.01112],[-0.68836,-3.00184],[-0.695,-2.9896],[-0.70708,-2.97952],[-0.71844,-2.97664]],[[-0.71844,-2.97664],[-0.72579,-2.98088],[-0.73944,-3.00152],[-0.75263,-3.00815]],[[1.23431,2.20307],[1.31702,2.20471]],[[1.17356,2.15244],[1.19179,2.18726],[1.23431,2.20307]],[[1.22788,2.12257],[1.2159,2.15405],[1.18793,2.15462]],[[1.18793,2.15462],[1.17356,2.15244]],[[1.22078,2.12252],[1.22788,2.12257]],[[1.10767,2.03906],[1.17565,2.04382],[1.18377,2.04724],[1.18424,2.05671],[1.17207,2.08409],[1.17187,2.09415],[1.1762,2.10374],[1.18321,2.10938],[1.22078,2.12252]],[[-2.09631,-1.33704],[-2.08465,-1.34873],[-2.07507,-1.37604],[-2.07413,-1.39438],[-2.09521,-1.43846],[-2.09692,-1.44643],[-2.09537,-1.4607],[-2.09917,-1.4666],[-2.10732,-1.47402],[-2.11442,-1.48369],[-2.11948,-1.49557],[-2.12148,-1.50963],[-2.11787,-1.51863],[-2.10429,-1.53665],[-2.1048,-1.54568],[-2.13735,-1.59378]],[[-2.14222,-1.33531],[-2.09631,-1.33704]],[[-1.96238,-1.58027],[-1.94965,-1.58279],[-1.91196,-1.59566],[-1.9082,-1.59774],[-1.90473,-1.60237],[-1.90003,-1.60703],[-1.90819,-1.61936],[-1.91903,-1.62926],[-1.93099,-1.6352],[-1.9425,-1.63566],[-1.93614,-1.67222],[-1.93059,-1.68784],[-1.92082,-1.70043]],[[-2.00586,-1.63324],[-1.99245,-1.62855],[-1.96979,-1.60365],[-1.958,-1.59407],[-1.96238,-1.58027]],[[-2.12783,-1.59251],[-2.12387,-1.59766],[-2.12106,-1.59946],[-2.10918,-1.61278],[-2.1071,-1.61595],[-2.00586,-1.63324]],[[-2.13735,-1.59378],[-2.12783,-1.59251]],[[1.2459,-0.31328],[1.2441,-0.33359],[1.24127,-0.34316],[1.2307,-0.36715],[1.22738,-0.37753],[1.22095,-0.40837],[1.21457,-0.42605],[1.21543,-0.44495],[1.21883,-0.46534],[1.22034,-0.48731],[1.21503,-0.51866],[1.21649,-0.52832],[1.22273,-0.5337],[1.24173,-0.53985],[1.24584,-0.54432],[1.24893,-0.55322],[1.26188,-0.56145],[1.2674,-0.57739]],[[1.28535,-0.57387],[1.30033,-0.58456],[1.31454,-0.59938],[1.33017,-0.60824],[1.3268,-0.6242],[1.33511,-0.65154],[1.33712,-0.67075]],[[1.2674,-0.57739],[1.28535,-0.57387]],[[1.38926,-0.65423],[1.42994,-0.66001]],[[1.33712,-0.67075],[1.35797,-0.66598],[1.37772,-0.65654],[1.38926,-0.65423]],[[1.42994,-0.66001],[1.44183,-0.6588],[1.46612,-0.65266]],[[2.58276,1.97875],[2.60056,1.99245],[2.63371,2.03423],[2.68874,2.08301],[2.71096,2.08915]],[[1.88559,2.03149],[1.90154,2.0294],[1.92184,2.01849],[1.92461,2.01549],[1.92619,2.01134],[1.92714,2.00468],[1.92691,1.99098],[1.92386,1.97911],[1.91875,1.96871],[1.91237,1.95939],[1.90849,1.951],[1.91002,1.9447],[1.91499,1.94028],[1.96478,1.91994],[1.96141,1.89781],[1.98045,1.8907]],[[1.8447,2.01429],[1.85241,2.01579],[1.86975,2.02867],[1.88559,2.03149]],[[1.83486,2.02432],[1.8447,2.01429]],[[2.41315,2.02176],[2.41906,2.01169],[2.42067,1.99807],[2.42377,1.98471],[2.43416,1.97532],[2.48266,1.97078],[2.53066,1.95284]],[[2.25195,1.93618],[2.26195,1.9383],[2.28146,1.95585],[2.32695,1.96186],[2.39379,2.01959],[2.41315,2.02176]],[[2.18146,1.97889],[2.19563,1.95854],[2.21389,1.9488],[2.23379,1.94735]],[[2.10962,1.93762],[2.16471,1.9441],[2.16445,1.95033],[2.16943,1.95583],[2.17613,1.97049],[2.18146,1.97889]],[[2.56674,1.99411],[2.58276,1.97875]],[[2.53066,1.95284],[2.5375,1.95801],[2.56674,1.99411]],[[2.25291,1.95191],[2.25195,1.93618]],[[2.23379,1.94735],[2.25291,1.95191]],[[2.09187,1.94524],[2.10962,1.93762]],[[1.98045,1.8907],[2.07363,1.8981],[2.09451,1.90914],[2.09187,1.94524]],[[1.27533,-1.18611],[1.27524,-1.20324]],[[1.2796,-1.20314],[1.27694,-1.22208],[1.27696,-1.2535],[1.27951,-1.28469],[1.28972,-1.32385],[1.28685,-1.349],[1.2876,-1.37049],[1.30335,-1.38027],[1.30106,-1.393],[1.30462,-1.40046],[1.31011,-1.40659],[1.31384,-1.41535],[1.31421,-1.4271],[1.31045,-1.4477],[1.30962,-1.45941],[1.31463,-1.47849],[1.33563,-1.51348],[1.34077,-1.53052],[1.33835,-1.54783],[1.32528,-1.59544],[1.32073,-1.60529],[1.31816,-1.6093],[1.3028,-1.62665],[1.29913,-1.62991],[1.29783,-1.64377],[1.2937,-1.65012],[1.28766,-1.65409],[1.28043,-1.66066],[1.27006,-1.67373],[1.26278,-1.68607],[1.25863,-1.70219],[1.25762,-1.72682],[1.2607,-1.73995],[1.2743,-1.76828],[1.27839,-1.78456],[1.27431,-1.82245],[1.25864,-1.84973],[1.24024,-1.87528],[1.22766,-1.90831],[1.21697,-2.007],[1.21448,-2.01624],[1.19893,-2.04482],[1.19562,-2.05354],[1.1945,-2.06116],[1.19688,-2.06685],[1.19203,-2.09034],[1.18732,-2.15524]],[[1.27524,-1.20324],[1.2796,-1.20314]],[[1.27535,-1.18307],[1.27533,-1.18611]],[[2.05173,-0.3302],[2.04887,-0.33253],[2.04213,-0.33387]],[[2.04213,-0.33387],[2.02715,-0.332]],[[2.02715,-0.332],[2.02054,-0.33358],[2.01505,-0.3394],[2.00696,-0.35638],[2.00254,-0.36313],[1.99259,-0.36946]],[[1.99259,-0.36946],[1.98697,-0.36577],[1.98201,-0.35815],[1.97417,-0.35246]],[[1.97417,-0.35246],[1.96035,-0.36867],[1.96127,-0.4136],[1.97447,-0.49265],[1.97648,-0.52433]],[[1.97648,-0.52433],[1.97685,-0.53014]],[[1.97685,-0.53014],[1.97206,-0.56496],[1.95188,-0.63192],[1.94735,-0.65279],[1.94235,-0.66672],[1.94225,-0.66897],[1.94215,-0.67128],[1.94204,-0.67365],[1.94192,-0.67607],[1.94179,-0.67854],[1.94165,-0.68106],[1.94149,-0.68361],[1.94131,-0.68619],[1.94112,-0.68879],[1.9409,-0.69142],[1.94067,-0.69406],[1.94041,-0.69672],[1.94012,-0.69938],[1.93981,-0.70203],[1.93947,-0.70468],[1.9391,-0.70733],[1.9387,-0.70995],[1.93826,-0.71255],[1.93779,-0.71513],[1.93728,-0.71767],[1.93673,-0.72017],[1.93614,-0.72263],[1.9355,-0.72505],[1.93483,-0.7274],[1.9341,-0.7297],[1.93333,-0.73194],[1.93251,-0.7341],[1.93163,-0.73619],[1.93071,-0.7382],[1.92973,-0.74012],[1.92869,-0.74196],[1.92759,-0.74369],[1.92643,-0.74532],[1.92521,-0.74685],[1.92393,-0.74826],[1.92259,-0.74956],[1.92117,-0.75073],[1.91969,-0.75177],[1.91813,-0.75268],[1.91651,-0.75345],[1.91481,-0.75407],[1.91303,-0.75455],[1.91118,-0.75487],[1.90924,-0.75503],[1.896,-0.76534],[1.8833,-0.77881],[1.86087,-0.80954],[1.84749,-0.82125],[1.83287,-0.82375]],[[1.83287,-0.82375],[1.81893,-0.81241]],[[1.81893,-0.81241],[1.79328,-0.76755],[1.77949,-0.74984],[1.72966,-0.70697],[1.70959,-0.67877],[1.69643,-0.64116],[1.69732,-0.64024],[1.6995,-0.63931],[1.7005,-0.63844],[1.69754,-0.63299],[1.69405,-0.62808],[1.66162,-0.5995],[1.65038,-0.59378]],[[1.65038,-0.59378],[1.64548,-0.59467],[1.64216,-0.59805],[1.63526,-0.60029],[1.62598,-0.60645],[1.61612,-0.62068],[1.58569,-0.67566],[1.57514,-0.68602],[1.5626,-0.69045]],[[1.5626,-0.69045],[1.54905,-0.68766],[1.52856,-0.67418],[1.51154,-0.66855],[1.48808,-0.65556],[1.47725,-0.65194]],[[1.47725,-0.65194],[1.46612,-0.65266]],[[1.46612,-0.65266],[1.46312,-0.66675],[1.44566,-0.70126],[1.44623,-0.71698],[1.45431,-0.7286],[1.49912,-0.75271],[1.50713,-0.76255],[1.50582,-0.77724]],[[1.50582,-0.77724],[1.4891,-0.77769]],[[1.4891,-0.77769],[1.47021,-0.7883],[1.43874,-0.81897],[1.43348,-0.82826],[1.42418,-0.85736],[1.41015,-0.86748],[1.27421,-0.88268],[1.26491,-0.8906]],[[1.26491,-0.8906],[1.26224,-0.89042]],[[1.26224,-0.89042],[1.28852,-0.90978],[1.31062,-0.93248],[1.30072,-0.9673],[1.25373,-1.01021],[1.23587,-1.03917]],[[1.24452,-1.11755],[1.24726,-1.12654]],[[1.23587,-1.03917],[1.23355,-1.08154],[1.24452,-1.11755]],[[1.24726,-1.12654],[1.24941,-1.14591],[1.25502,-1.15803],[1.2662,-1.16922],[1.27535,-1.18307]],[[-0.08871,-0.2367],[-0.07593,-0.23851],[-0.06257,-0.24679],[-0.05766,-0.25856],[-0.05919,-0.29196],[-0.05283,-0.32477],[-0.03463,-0.35736],[-0.01096,-0.38338],[0.01177,-0.39655]],[[-0.1395,-0.30162],[-0.1277,-0.29782],[-0.12555,-0.28498],[-0.12679,-0.26941],[-0.12519,-0.25748],[-0.11494,-0.24633],[-0.10225,-0.23935],[-0.08871,-0.2367]],[[-0.18517,-0.27564],[-0.17705,-0.27765],[-0.1395,-0.30162]],[[-0.26284,-0.37642],[-0.24218,-0.37281],[-0.22331,-0.35979],[-0.19848,-0.32964],[-0.19314,-0.31864],[-0.19163,-0.30745],[-0.19168,-0.29527],[-0.19046,-0.28402],[-0.18517,-0.27564]],[[-0.30047,-0.36235],[-0.28322,-0.37057],[-0.26284,-0.37642]],[[0.05258,-0.38714],[0.06313,-0.38734],[0.08028,-0.41842],[0.08871,-0.42736],[0.10155,-0.43182]],[[0.01177,-0.39655],[0.02435,-0.39581],[0.05258,-0.38714]],[[0.16205,-0.42555],[0.21738,-0.44082],[0.2307,-0.45424]],[[0.10155,-0.43182],[0.16205,-0.42555]],[[0.30419,-0.42636],[0.31824,-0.47795],[0.31772,-0.49464]],[[0.2307,-0.45424],[0.30419,-0.42636]],[[0.36144,-0.48285],[0.40629,-0.49252],[0.42367,-0.50226],[0.45547,-0.53184],[0.47278,-0.53962]],[[0.31772,-0.49464],[0.33889,-0.4844],[0.36144,-0.48285]],[[-0.99198,1.49149],[-0.9951,1.49102]],[[-0.94319,1.24084],[-0.97706,1.27555],[-0.97285,1.28163],[-0.96572,1.29661],[-0.96149,1.30258],[-0.98566,1.33257],[-0.97421,1.35047],[-0.95442,1.37102],[-0.95354,1.40899],[-0.96203,1.41893],[-0.97373,1.42522],[-0.98151,1.43194],[-0.97824,1.44319],[-0.96334,1.46049],[-0.95995,1.47139],[-0.96398,1.48591],[-0.97045,1.49244],[-0.97835,1.49352]],[[-0.97835,1.49352],[-0.99198,1.49149]],[[-0.8168,1.14492],[-0.83822,1.15858],[-0.85392,1.18054],[-0.86342,1.2293],[-0.87115,1.23805],[-0.89779,1.24985],[-0.92264,1.26908]],[[-0.92264,1.26908],[-0.93087,1.24803],[-0.93457,1.244],[-0.94319,1.24084]],[[-0.69415,1.166],[-0.71396,1.16922],[-0.74884,1.19532],[-0.76746,1.20282]],[[-0.76746,1.20282],[-0.77559,1.20069],[-0.77933,1.19358],[-0.78239,1.17235],[-0.79606,1.14702],[-0.8168,1.14492]],[[-0.5134,1.12088],[-0.52334,1.16293],[-0.55833,1.17744]],[[-0.55833,1.17744],[-0.69415,1.166]],[[-2.74006,1.13214],[-2.72211,1.13685],[-2.70506,1.15394],[-2.71995,1.16834],[-2.80382,1.20272],[-2.81141,1.21274],[-2.81472,1.22705],[-2.81248,1.25715],[-2.81455,1.27125],[-2.81846,1.27872],[-2.82369,1.28489],[-2.83565,1.29309],[-2.85045,1.2948],[-2.85447,1.29682],[-2.85888,1.30808],[-2.85633,1.33963],[-2.85842,1.35444]],[[-2.80944,1.14291],[-2.74006,1.13214]],[[-2.86929,0.8182],[-2.88681,0.82241],[-2.91859,0.87479],[-2.94399,0.87995],[-2.93966,0.90266],[-2.93963,0.90268],[-2.93956,0.90273],[-2.93943,0.90282],[-2.93927,0.90295],[-2.93905,0.9031],[-2.9388,0.90329],[-2.93851,0.90351],[-2.93818,0.90375],[-2.93781,0.90402],[-2.93741,0.90431],[-2.93698,0.90463],[-2.93653,0.90496],[-2.93604,0.90532],[-2.93553,0.9057],[-2.935,0.90609],[-2.93444,0.9065],[-2.93387,0.90692],[-2.93328,0.90735],[-2.93268,0.90779],[-2.93206,0.90825],[-2.93144,0.90871],[-2.9308,0.90918],[-2.93016,0.90965],[-2.92952,0.91012],[-2.92887,0.9106],[-2.92822,0.91107],[-2.92758,0.91155],[-2.92694,0.91202],[-2.9263,0.91249],[-2.92568,0.91295],[-2.92506,0.9134],[-2.92446,0.91385],[-2.92387,0.91428],[-2.92329,0.9147],[-2.92274,0.91511],[-2.92221,0.9155],[-2.9217,0.91588],[-2.92121,0.91624],[-2.92075,0.91657],[-2.92033,0.91689],[-2.91993,0.91718],[-2.91956,0.91745],[-2.91923,0.9177],[-2.91894,0.91791],[-2.91869,0.9181],[-2.91847,0.91826],[-2.91831,0.91838],[-2.91818,0.91847],[-2.91808,0.91855],[-2.90561,0.92274],[-2.87683,0.92328],[-2.86267,0.92575],[-2.8218,0.94821],[-2.7971,0.95264],[-2.71047,0.94989],[-2.71041,0.9499],[-2.71023,0.94993],[-2.70993,0.94998],[-2.70952,0.95004],[-2.709,0.95013],[-2.70838,0.95022],[-2.70766,0.95034],[-2.70686,0.95046],[-2.70596,0.95061],[-2.70499,0.95076],[-2.70394,0.95093],[-2.70282,0.9511],[-2.70163,0.95129],[-2.70038,0.95149],[-2.69908,0.95169],[-2.69773,0.95191],[-2.69633,0.95213],[-2.69489,0.95236],[-2.69341,0.95259],[-2.69191,0.95283],[-2.69037,0.95307],[-2.68882,0.95331],[-2.68726,0.95356],[-2.68568,0.95381],[-2.6841,0.95406],[-2.68252,0.95431],[-2.68094,0.95456],[-2.67937,0.95481],[-2.67782,0.95505],[-2.67629,0.9553],[-2.67478,0.95554],[-2.67331,0.95577],[-2.67187,0.956],[-2.67047,0.95622],[-2.66912,0.95643],[-2.66781,0.95664],[-2.66657,0.95684],[-2.66538,0.95703],[-2.66426,0.9572],[-2.66321,0.95737],[-2.66223,0.95753],[-2.66134,0.95767],[-2.66053,0.9578],[-2.65982,0.95791],[-2.6592,0.95801],[-2.65868,0.95809],[-2.65827,0.95816],[-2.65797,0.9582],[-2.65772,0.95824],[-2.6689,0.97681],[-2.67721,1.00375],[-2.68163,1.0326],[-2.68114,1.05682],[-2.7908,1.07565],[-2.80651,1.08835],[-2.8197,1.11416],[-2.82141,1.13602],[-2.80944,1.14291]],[[-2.82899,0.6026],[-2.80777,0.61302],[-2.81414,0.63493],[-2.83424,0.65746],[-2.88024,0.68517],[-2.87168,0.70706],[-2.82979,0.75882],[-2.8384,0.77989],[-2.84238,0.80522],[-2.84993,0.82217]],[[-2.84993,0.82217],[-2.86929,0.8182]],[[1.01216,2.0342],[0.87952,2.11394],[0.87582,2.11949],[0.87439,2.12641],[0.87974,2.15647],[0.88084,2.17807],[0.87968,2.18831],[0.87603,2.19903],[0.87072,2.20519],[0.86405,2.20802],[0.79052,2.2119]],[[0.79052,2.2119],[0.73788,2.19326]],[[0.73788,2.19326],[0.72587,2.19611]],[[0.72587,2.19611],[0.71313,2.19461],[0.69941,2.16721],[0.68643,2.16125],[0.67588,2.16089],[0.66797,2.15742],[0.58876,2.07639],[0.57606,2.06897],[0.57027,2.05996],[0.56675,2.04874],[0.56276,2.02437]],[[0.39771,2.07514],[0.37454,2.11148]],[[0.37454,2.11148],[0.35613,2.11]],[[0.4215,2.0385],[0.4205,2.04747],[0.41342,2.07622]],[[0.41342,2.07622],[0.39771,2.07514]],[[0.56276,2.02437],[0.5512,2.0272],[0.52213,2.02946],[0.49605,2.0381],[0.49287,2.04228],[0.48453,2.05846],[0.48159,2.06063],[0.47777,2.06448],[0.47452,2.06628]],[[0.47452,2.06628],[0.47316,2.06208],[0.47181,2.05968],[0.46861,2.05629],[0.46482,2.05334],[0.46202,2.05204],[0.4485,2.05058],[0.43429,2.04608],[0.4215,2.0385]],[[1.10767,2.03906],[1.06035,2.05614]],[[1.06035,2.05614],[1.04504,2.05239],[1.02056,2.03573],[1.01216,2.0342]],[[-0.50421,2.33118],[-0.50966,2.35019],[-0.50532,2.3664],[-0.49509,2.38344],[-0.48299,2.39819]],[[-0.49135,2.33574],[-0.50421,2.33118]],[[-0.48299,2.39819],[-0.47277,2.40776],[-0.44823,2.42014],[-0.44275,2.42736],[-0.44094,2.44489],[-0.44809,2.45475]],[[-0.44809,2.45475],[-0.464,2.4535],[-0.49045,2.44192],[-0.50732,2.42551],[-0.51752,2.41811],[-0.52912,2.41514],[-0.53743,2.41046],[-0.55142,2.38824],[-0.5589,2.38072]],[[-0.8379,2.54786],[-0.85041,2.5486],[-0.85522,2.56694],[-0.85392,2.57054],[-0.8698,2.57812],[-0.88372,2.58018],[-0.90569,2.58495]],[[-0.73543,2.49819],[-0.74469,2.51818],[-0.75197,2.55579],[-0.75466,2.56175],[-0.76052,2.56756],[-0.77244,2.57277],[-0.78592,2.57308]],[[-0.78592,2.57308],[-0.79942,2.56976],[-0.8379,2.54786]],[[-0.64196,2.4415],[-0.6525,2.44545],[-0.65764,2.45868],[-0.65249,2.47781],[-0.66386,2.50026],[-0.67167,2.50848],[-0.6835,2.51294]],[[-0.6835,2.51294],[-0.69584,2.51287],[-0.73543,2.49819]],[[-0.5589,2.38072],[-0.57647,2.3842],[-0.57828,2.40871],[-0.56843,2.43639],[-0.54834,2.45171],[-0.54449,2.45757],[-0.54128,2.46533],[-0.53993,2.47311],[-0.54086,2.48243],[-0.54364,2.48607],[-0.54787,2.48757],[-0.56185,2.49484],[-0.596,2.49822]],[[-0.596,2.49822],[-0.60953,2.49338],[-0.61745,2.48129],[-0.63044,2.4503],[-0.64196,2.4415]],[[-1.56893,2.95602],[-1.58148,2.96209],[-1.60188,2.9918],[-1.61435,3.00516],[-1.6222,3.01131],[-1.62618,3.01297]],[[-1.62618,3.01297],[-1.63184,3.01315]],[[-1.5418,2.96144],[-1.55362,2.95709],[-1.56893,2.95602]],[[-1.74496,-3.15422],[-1.73928,-3.17393],[-1.74772,-3.187],[-1.77587,-3.21167],[-1.77787,-3.22191],[-1.7757,-3.23255],[-1.77496,-3.24247],[-1.78125,-3.25055],[-1.80173,-3.25653],[-1.80814,-3.26024],[-1.81243,-3.26514],[-1.82333,-3.28336],[-1.87109,-3.32969],[-1.78417,-3.38954],[-1.78886,-3.40489],[-1.80479,-3.43139],[-1.8108,-3.44626],[-1.80968,-3.45894]],[[-1.75404,-3.43268],[-1.74172,-3.46314],[-1.73196,-3.49636],[-1.72767,-3.50791],[-1.77682,-3.57689],[-1.80009,-3.59524]],[[-1.80968,-3.45894],[-1.79919,-3.45605],[-1.77779,-3.44068],[-1.75404,-3.43268]],[[-1.80009,-3.59524],[-1.83856,-3.5889]],[[-1.83856,-3.5889],[-1.85358,-3.59172],[-1.8634,-3.60984],[-1.8691,-3.63379],[-1.87254,-3.69455],[-1.86534,-3.75459],[-1.86672,-3.76937]],[[2.82047,-2.5314],[2.84439,-2.52506],[2.82391,-2.50216],[2.78093,-2.47005],[2.74996,-2.42039],[2.72496,-2.40811],[2.70458,-2.39208],[2.70075,-2.35573],[2.69285,-2.33016],[2.6716,-2.30616],[2.65417,-2.27881],[2.65775,-2.2433],[2.67547,-2.18512],[2.68363,-2.16762],[2.70236,-2.14692],[2.72086,-2.11062],[2.73442,-2.09824],[2.76255,-2.08415],[2.77593,-2.07176]],[[2.76134,-2.51124],[2.77255,-2.51315],[2.80911,-2.53157],[2.82047,-2.5314]],[[2.62881,-2.64356],[2.63624,-2.63752],[2.65207,-2.63034],[2.67034,-2.62659],[2.67481,-2.62419],[2.67725,-2.61919],[2.67608,-2.61194],[2.66823,-2.59469],[2.66656,-2.58561],[2.66796,-2.57588],[2.67128,-2.56673],[2.67624,-2.55935],[2.68257,-2.55497],[2.71375,-2.55107],[2.72399,-2.54275],[2.74079,-2.51963],[2.74786,-2.51466],[2.76134,-2.51124]],[[-2.15791,-0.4866],[-2.14749,-0.5074],[-2.15766,-0.52024],[-2.17677,-0.52665],[-2.19315,-0.5282],[-2.19414,-0.53361],[-2.17747,-0.5942],[-2.17705,-0.60801],[-2.1808,-0.62322],[-2.19282,-0.64152],[-2.21388,-0.66343],[-2.23598,-0.67685]],[[-2.23598,-0.67685],[-2.25104,-0.6697],[-2.26473,-0.6516],[-2.28229,-0.64706]],[[-2.28229,-0.64706],[-2.34191,-0.66285],[-2.38157,-0.66363],[-2.39736,-0.66814],[-2.40941,-0.68084],[-2.41558,-0.70505]],[[-2.38522,-0.70495],[-2.387,-0.7239],[-2.38556,-0.77999],[-2.39384,-0.81346],[-2.39367,-0.82584],[-2.37028,-0.83378],[-2.30932,-0.88509],[-2.31434,-0.89148],[-2.32307,-0.90732],[-2.32814,-0.91364],[-2.27539,-0.94763],[-2.29045,-0.97199],[-2.29258,-0.97849],[-2.28087,-1.01547],[-2.28736,-1.03468],[-2.29865,-1.05052],[-2.32706,-1.07177],[-2.31051,-1.08875],[-2.30676,-1.09802],[-2.30705,-1.10217],[-2.30936,-1.10624],[-2.31169,-1.11525],[-2.31148,-1.13022],[-2.30681,-1.13932],[-2.29835,-1.14206]],[[-2.41558,-0.70505],[-2.38522,-0.70495]],[[-2.2613,-1.13496],[-2.21334,-1.16282],[-2.18867,-1.16428],[-2.19488,-1.20545],[-2.13959,-1.21342],[-2.11838,-1.23048],[-2.11558,-1.26455]],[[-2.29835,-1.14206],[-2.28679,-1.13792],[-2.2613,-1.13496]],[[-4.38465,2.36731],[-4.38955,2.30666],[-4.38664,2.29082],[-4.38153,2.27881],[-4.35543,2.23966],[-4.35181,2.22904],[-4.35037,2.21713],[-4.35138,2.2039],[-4.35689,2.19141],[-4.37377,2.16549],[-4.37526,2.15212],[-4.37116,2.1454],[-4.35811,2.14127],[-4.35256,2.13705],[-4.34923,2.12741],[-4.34994,2.11683],[-4.35375,2.10724],[-4.35975,2.10054],[-4.36692,2.09838]],[[-4.36692,2.09838],[-4.38123,2.10002]],[[-4.38123,2.10002],[-4.38779,2.09733],[-4.39078,2.09276],[-4.39231,2.08646],[-4.39286,2.07216],[-4.38999,2.06966],[-4.37277,2.06087],[-4.36747,2.05632],[-4.36347,2.05094],[-4.36101,2.04406],[-4.35949,2.01396],[-4.35731,2.00469],[-4.34282,1.96763],[-4.34196,1.95712],[-4.34843,1.93501],[-4.35993,1.91825],[-4.36762,1.89928],[-4.36265,1.87058],[-4.37777,1.86398]],[[4.31299,-4.00963],[4.22971,-3.99383],[4.16647,-3.96633],[4.13628,-3.96635],[4.12415,-3.96179]],[[4.46719,-4.11048],[4.44947,-4.10694],[4.3666,-4.05824],[4.36,-4.04433],[4.34856,-4.00588],[4.3394,-4.00053]],[[4.3394,-4.00053],[4.31299,-4.00963]],[[4.59412,-4.28313],[4.5839,-4.27847],[4.57231,-4.26153],[4.56582,-4.23084],[4.55859,-4.21338],[4.50512,-4.15815],[4.50043,-4.14928],[4.49216,-4.11977],[4.48663,-4.11196],[4.48094,-4.10943]],[[4.48094,-4.10943],[4.46719,-4.11048]],[[4.71638,-4.46491],[4.70572,-4.46478],[4.65102,-4.44865],[4.66006,-4.41394],[4.65985,-4.39666],[4.65401,-4.37885],[4.63777,-4.34584],[4.63145,-4.29089],[4.63279,-4.27803]],[[4.63279,-4.27803],[4.59412,-4.28313]],[[4.77612,-4.43371],[4.76335,-4.43158]],[[4.76335,-4.43158],[4.74692,-4.43884],[4.71638,-4.46491]],[[-1.13876,-3.26708],[-1.15592,-3.25337],[-1.15614,-3.24681],[-1.15064,-3.22769],[-1.15319,-3.21849],[-1.18608,-3.18286],[-1.20194,-3.17309],[-1.22084,-3.17019]],[[-1.22084,-3.17019],[-1.2357,-3.17924],[-1.23942,-3.20532],[-1.22935,-3.21848],[-1.19026,-3.23554],[-1.1812,-3.24793],[-1.1884,-3.26277],[-1.20579,-3.27436],[-1.23861,-3.28658],[-1.27291,-3.28788],[-1.28862,-3.29202],[-1.30074,-3.30693],[-1.29794,-3.31923],[-1.26289,-3.33668],[-1.25084,-3.35403],[-1.28629,-3.38783]],[[-1.04049,-3.21891],[-1.05479,-3.2106],[-1.08293,-3.18462]],[[-1.08293,-3.18462],[-1.09683,-3.1883],[-1.10271,-3.2011],[-1.09955,-3.21288],[-1.09373,-3.22318],[-1.09159,-3.23158],[-1.10265,-3.25415],[-1.11968,-3.26666],[-1.13876,-3.26708]],[[-0.9468,-3.21693],[-0.96658,-3.20887]],[[-0.96658,-3.20887],[-0.97824,-3.2201],[-0.98741,-3.23498],[-0.99975,-3.23783]],[[-0.99975,-3.23783],[-1.00364,-3.23354],[-1.00863,-3.22177],[-1.01514,-3.21718],[-1.02123,-3.21634]],[[-1.02123,-3.21634],[-1.04049,-3.21891]],[[-1.28629,-3.38783],[-1.29858,-3.38561],[-1.3059,-3.37571],[-1.31231,-3.36189],[-1.32183,-3.34789],[-1.36208,-3.32103],[-1.36673,-3.31973]],[[-1.36673,-3.31973],[-1.37329,-3.32],[-1.39768,-3.33017]],[[-1.39768,-3.33017],[-1.41118,-3.32911]],[[-1.41118,-3.32911],[-1.41493,-3.32965],[-1.42288,-3.33659],[-1.42975,-3.35582],[-1.43526,-3.36367],[-1.44666,-3.36944],[-1.4572,-3.37228],[-1.46624,-3.37766],[-1.47305,-3.39114],[-1.47414,-3.41358],[-1.46744,-3.46227],[-1.47207,-3.48162],[-1.48428,-3.49517],[-1.49892,-3.50405],[-1.5303,-3.51152]],[[-1.5303,-3.51152],[-1.55035,-3.51082]],[[-1.55035,-3.51082],[-1.55618,-3.5154],[-1.55924,-3.52197],[-1.56167,-3.53713],[-1.56406,-3.54434],[-1.56975,-3.55072],[-1.5824,-3.55536],[-1.58773,-3.56133],[-1.59209,-3.58433],[-1.57668,-3.65595]],[[-1.47954,-2.68645],[-1.47664,-2.69847],[-1.46662,-2.71998],[-1.43589,-2.75663],[-1.41615,-2.76996],[-1.41177,-2.7743],[-1.40875,-2.78139],[-1.40593,-2.79682],[-1.40378,-2.80154],[-1.40041,-2.80551],[-1.34487,-2.84231],[-1.31149,-2.87861],[-1.32325,-2.91536],[-1.35618,-2.93971]],[[-1.35618,-2.93971],[-1.40064,-2.93799]],[[-1.40064,-2.93799],[-1.41309,-2.9544],[-1.42854,-2.99881],[-1.43149,-3.06389],[-1.43814,-3.09632],[-1.45736,-3.11413]],[[-1.45736,-3.11413],[-1.47175,-3.10899],[-1.50421,-3.07523],[-1.51998,-3.06451],[-1.60931,-3.05569]],[[-1.60931,-3.05569],[-1.61424,-3.05686],[-1.62122,-3.06166],[-1.63997,-3.0814],[-1.66512,-3.09439],[-1.70332,-3.14251],[-1.72188,-3.15333],[-1.74496,-3.15422]],[[0.52018,-2.52043],[0.56463,-2.52554],[0.59413,-2.55426],[0.57715,-2.59957],[0.6004,-2.61848]],[[0.47245,-2.57873],[0.48174,-2.57747],[0.48707,-2.56786],[0.49219,-2.54598],[0.52018,-2.52043]],[[0.45542,-2.57556],[0.47245,-2.57873]],[[0.40847,-2.62568],[0.42041,-2.61398],[0.4396,-2.58024],[0.45542,-2.57556]],[[0.28382,-2.58793],[0.29572,-2.59487],[0.30843,-2.6255],[0.31562,-2.63487],[0.32424,-2.64018]],[[0.24683,-2.5888],[0.28382,-2.58793]],[[0.35689,-2.59986],[0.37089,-2.60514],[0.39365,-2.62539],[0.40847,-2.62568]],[[0.32424,-2.64018],[0.33267,-2.63811],[0.33839,-2.6275],[0.34053,-2.61485],[0.3448,-2.60428],[0.35689,-2.59986]],[[0.65295,-2.60881],[0.6787,-2.61017],[0.68917,-2.61718],[0.69611,-2.62731],[0.6998,-2.64038],[0.69976,-2.67611],[0.70182,-2.68641],[0.70905,-2.69003],[0.74111,-2.69248],[0.78364,-2.72526],[0.81662,-2.74104],[0.8263,-2.74868],[0.85217,-2.7958],[0.85603,-2.84542],[0.83798,-2.8849],[0.79818,-2.90155],[0.79876,-2.92699],[0.79995,-2.93455]],[[0.6004,-2.61848],[0.65295,-2.60881]],[[-3.31817,1.88105],[-3.30298,1.9001],[-3.30163,1.91113],[-3.30356,1.93316],[-3.30037,1.94166],[-3.29484,1.94437],[-3.28891,1.94427],[-3.28356,1.94605],[-3.27977,1.95449],[-3.27986,1.96222],[-3.28881,2.02169],[-3.2886,2.0286],[-3.28222,2.04514],[-3.26337,2.07023],[-3.25628,2.08616],[-3.25628,2.1004],[-3.26357,2.14202],[-3.26872,2.14801]],[[-3.26872,2.14801],[-3.2795,2.13655]],[[-3.37278,1.89937],[-3.35566,1.8959],[-3.3366,1.88473],[-3.31817,1.88105]],[[-3.53073,1.74825],[-3.52218,1.75666],[-3.50276,1.76615],[-3.49173,1.77609],[-3.48641,1.78657],[-3.47996,1.81137],[-3.4747,1.82046],[-3.46209,1.82751],[-3.45735,1.83233],[-3.44993,1.85613],[-3.44479,1.86471],[-3.43766,1.86906],[-3.40904,1.86735],[-3.39855,1.87599],[-3.38902,1.8886],[-3.37278,1.89937]],[[-0.78926,0.72338],[-0.78913,0.695],[-0.79928,0.67131],[-0.83454,0.63566],[-0.82073,0.62676],[-0.75912,0.60762]],[[-0.70382,0.62697],[-0.66903,0.62248],[-0.65487,0.61526],[-0.64894,0.60815],[-0.64601,0.59891],[-0.64562,0.5884],[-0.64734,0.57747],[-0.65345,0.5578],[-0.65333,0.55033],[-0.6483,0.54251],[-0.6314,0.52582],[-0.62394,0.51531],[-0.61904,0.50199],[-0.61897,0.48669],[-0.62796,0.46001],[-0.62935,0.44498],[-0.62319,0.43068],[-0.60006,0.41571],[-0.59334,0.4051],[-0.59541,0.39531],[-0.61817,0.3719],[-0.62514,0.35931],[-0.63145,0.34196],[-0.6346,0.32393],[-0.63211,0.30933],[-0.62535,0.3023],[-0.61695,0.29719],[-0.60992,0.29035],[-0.60732,0.27812],[-0.61074,0.268],[-0.63372,0.24955],[-0.63932,0.24027],[-0.64022,0.2304],[-0.63678,0.22161],[-0.62937,0.2155],[-0.60059,0.20984],[-0.59179,0.20485],[-0.58581,0.1957],[-0.5857,0.18624],[-0.58752,0.17616],[-0.58729,0.16519],[-0.58417,0.15864],[-0.56877,0.15043],[-0.56109,0.13964],[-0.55854,0.1253],[-0.55965,0.10964],[-0.56296,0.09487],[-0.57942,0.06365],[-0.57918,0.05207],[-0.57701,0.04877],[-0.5671,0.04005],[-0.56202,0.02979],[-0.55539,0.00586],[-0.55489,-0.00718],[-0.55739,-0.01929],[-0.56367,-0.02907],[-0.58182,-0.04635],[-0.58956,-0.05858],[-0.59388,-0.07521]],[[-0.75912,0.60762],[-0.74565,0.61031],[-0.71838,0.62384],[-0.70382,0.62697]],[[1.81893,-0.81241],[1.83655,-0.85401]],[[1.83283,0.79456],[1.83927,0.78347],[1.84805,0.75565],[1.85234,0.74811],[1.89164,0.72157],[1.91446,0.68378],[1.91617,0.67626],[1.9163,0.66634],[1.91431,0.65693],[1.91087,0.64832],[1.9066,0.6408],[1.89666,0.63003],[1.89257,0.62379],[1.89108,0.615],[1.89389,0.59724],[1.89225,0.59026],[1.8879,0.58339],[1.87697,0.5718],[1.87397,0.56414],[1.87445,0.55634],[1.87763,0.55038],[1.88245,0.54674],[1.88782,0.54591]],[[1.91247,0.56414],[1.92052,0.55855],[1.93603,0.54257],[1.98944,0.53253],[2.01359,0.52129],[2.02238,0.51312],[2.03113,0.50087],[2.03845,0.48676],[2.04298,0.4731],[2.04682,0.43345],[2.05283,0.42039],[2.06961,0.39699],[2.07654,0.39205],[2.08475,0.39025],[2.10123,0.39066],[2.10921,0.38702],[2.19771,0.3104],[2.18881,0.29573],[2.11994,0.2375],[2.11619,0.23188],[2.11479,0.22374],[2.11685,0.21581],[2.12549,0.202],[2.12723,0.19428],[2.12626,0.19006],[2.10722,0.17216],[2.10266,0.1651],[2.09879,0.15666],[2.1036,0.14003],[2.12182,0.12113],[2.14357,0.10593],[2.15895,0.10036]],[[1.88782,0.54591],[1.89278,0.54792],[1.9039,0.56105],[1.91247,0.56414]],[[-2.91062,-1.89007],[-2.85546,-1.91825],[-2.8488,-1.93977],[-2.86427,-1.98565],[-2.85144,-1.99127],[-2.83931,-1.99232]],[[-3.03646,-1.9449],[-2.95927,-1.92372],[-2.91551,-1.89604],[-2.91062,-1.89007]],[[-2.6299,-1.98206],[-2.60397,-1.98612],[-2.59278,-2.00127],[-2.5899,-2.02305],[-2.58182,-2.03568],[-2.52717,-2.07191],[-2.52377,-2.07741],[-2.52124,-2.09358],[-2.51859,-2.09931],[-2.5085,-2.10665],[-2.46251,-2.12201],[-2.42978,-2.15343],[-2.42554,-2.1621],[-2.43613,-2.20435],[-2.43234,-2.22456],[-2.42555,-2.2334],[-2.32493,-2.24848]],[[-2.74595,-2.00496],[-2.6299,-1.98206]],[[-2.80279,-1.98508],[-2.74595,-2.00496]],[[-2.83931,-1.99232],[-2.80279,-1.98508]],[[-2.2966,-2.18325],[-2.25326,-2.22288]],[[-2.32493,-2.24848],[-2.31339,-2.23494],[-2.30876,-2.18906],[-2.2966,-2.18325]],[[-1.53948,1.20346],[-1.54565,1.20421],[-1.57765,1.22536],[-1.58601,1.22705]],[[-1.58601,1.22705],[-1.59505,1.22468],[-1.60365,1.21903],[-1.61063,1.2109]],[[-1.42766,1.11635],[-1.43564,1.11677],[-1.44265,1.12163],[-1.44685,1.13137],[-1.44581,1.14184],[-1.4409,1.16427],[-1.44282,1.17899],[-1.44846,1.18829],[-1.45668,1.19325],[-1.52194,1.21316]],[[-1.52194,1.21316],[-1.52825,1.21263],[-1.53948,1.20346]],[[-1.34749,1.10789],[-1.3517,1.10965],[-1.35472,1.11535],[-1.35603,1.13017],[-1.35785,1.13672],[-1.36125,1.14055],[-1.36568,1.14276],[-1.37466,1.14437]],[[-1.37466,1.14437],[-1.39579,1.14215],[-1.40621,1.13682],[-1.42002,1.12002],[-1.42766,1.11635]],[[-1.24685,0.79331],[-1.25486,0.79643],[-1.27758,0.81622],[-1.2858,0.82682],[-1.28981,0.83955],[-1.27513,0.88467],[-1.27069,0.92031],[-1.27295,0.95559],[-1.28205,0.98487],[-1.30266,1.02335],[-1.31292,1.0317],[-1.31636,1.03742],[-1.31644,1.04733],[-1.3141,1.05382],[-1.30705,1.06431],[-1.30496,1.07111],[-1.30528,1.08015],[-1.30781,1.08858],[-1.32436,1.11529],[-1.3292,1.11769]],[[-1.3292,1.11769],[-1.33555,1.116],[-1.34347,1.10963],[-1.34749,1.10789]],[[-1.13819,0.69675],[-1.17348,0.76815],[-1.19567,0.78978],[-1.22395,0.79668]],[[-1.22395,0.79668],[-1.24685,0.79331]],[[-1.33239,1.64389],[-1.32385,1.64225],[-1.31892,1.63207],[-1.31701,1.60545],[-1.31341,1.595],[-1.30432,1.58903],[-1.28215,1.58538],[-1.27308,1.57985],[-1.25749,1.55379],[-1.23059,1.52363],[-1.21071,1.48794],[-1.20311,1.47898],[-1.19865,1.47801]],[[-1.44933,1.6108],[-1.42589,1.61892],[-1.3833,1.61999],[-1.3603,1.62719],[-1.34184,1.64031],[-1.33239,1.64389]],[[-1.02485,1.50007],[-1.0109,1.49785],[-0.99179,1.48826]],[[-1.10718,1.45925],[-1.09187,1.46345],[-1.03809,1.49559],[-1.02485,1.50007]],[[-1.17168,1.48505],[-1.12286,1.46006],[-1.10718,1.45925]],[[-1.19865,1.47801],[-1.1835,1.48467],[-1.17168,1.48505]],[[-0.5134,1.12088],[-0.565,1.10395],[-0.58552,1.08844],[-0.5888,1.05996],[-0.58034,1.04971]],[[-0.55213,1.04995],[-0.54116,1.04162],[-0.52581,1.00249],[-0.51011,0.98187],[-0.5051,0.9694],[-0.50235,0.95496],[-0.50193,0.93942],[-0.51134,0.91159]],[[-0.58034,1.04971],[-0.55213,1.04995]],[[-0.51134,0.91159],[-0.53082,0.91185],[-0.57395,0.92813]],[[-0.57395,0.92813],[-0.58338,0.92429],[-0.59111,0.91725],[-0.59657,0.90686],[-0.59924,0.89298],[-0.59905,0.87653],[-0.59647,0.86108],[-0.57779,0.80984],[-0.5783,0.79851],[-0.58453,0.78745],[-0.61072,0.77183],[-0.64454,0.76778]],[[-0.64454,0.76778],[-0.67863,0.77278],[-0.71297,0.78745]],[[-0.71297,0.78745],[-0.71866,0.78604],[-0.73743,0.76447],[-0.73989,0.7582],[-0.74117,0.75034],[-0.74037,0.73705],[-0.74089,0.73184],[-0.74426,0.72573],[-0.75401,0.71858],[-0.76647,0.7164]],[[-0.76647,0.7164],[-0.77909,0.71829],[-0.78926,0.72338]],[[1.24452,-1.11755],[1.20979,-1.12521],[1.14722,-1.15983],[1.13289,-1.1728],[1.12413,-1.18864],[1.12306,-1.19923],[1.12772,-1.22873],[1.12721,-1.24055],[1.12589,-1.24353]],[[1.12589,-1.24353],[1.1226,-1.24272]],[[1.1226,-1.24272],[1.03093,-1.25083]],[[0.07909,-1.21222],[0.07972,-1.17662],[0.07745,-1.15922],[0.07283,-1.14266]],[[0.26193,-1.54128],[0.2598,-1.52047],[0.25189,-1.50251],[0.20961,-1.45687],[0.20535,-1.44338],[0.20842,-1.42632],[0.21588,-1.41723],[0.22632,-1.40835],[0.23361,-1.39787],[0.2316,-1.38403],[0.22574,-1.37918],[0.21019,-1.37879],[0.2035,-1.37564],[0.1939,-1.36012],[0.19063,-1.34379],[0.18916,-1.30841],[0.18489,-1.29493],[0.17051,-1.27639],[0.16457,-1.26435],[0.15958,-1.22872],[0.15365,-1.22022],[0.13579,-1.21083],[0.11678,-1.2071]],[[0.11678,-1.2071],[0.07909,-1.21222]],[[-0.4236,1.09434],[-0.44115,1.0986],[-0.47603,1.12174],[-0.49205,1.12407]],[[-0.49205,1.12407],[-0.5134,1.12088]],[[-0.32938,1.07018],[-0.34496,1.07524],[-0.37666,1.10574],[-0.38862,1.10759]],[[-0.38862,1.10759],[-0.4236,1.09434]],[[-0.2172,0.98318],[-0.22886,0.99023],[-0.2525,1.0163],[-0.28071,1.06198],[-0.29291,1.07112]],[[-0.29291,1.07112],[-0.32938,1.07018]],[[-0.13688,0.99527],[-0.14667,1.00177],[-0.16603,1.02139],[-0.1804,1.02292]],[[-0.1804,1.02292],[-0.18561,1.01441],[-0.19102,0.99845],[-0.20031,0.98478],[-0.2172,0.98318]],[[-0.08469,1.01826],[-0.09885,1.01299],[-0.12268,0.99646],[-0.13688,0.99527]],[[-0.99179,1.48826],[-0.99198,1.49149]],[[-0.77995,1.58436],[-0.76614,1.58817],[-0.75389,1.59947],[-0.74224,1.61692],[-0.72977,1.65308],[-0.72227,1.66776],[-0.70874,1.67432],[-0.69929,1.67555],[-0.69204,1.67924],[-0.68672,1.68717],[-0.68311,1.70117],[-0.68935,1.73502],[-0.69012,1.74674],[-0.68788,1.75485],[-0.67414,1.77712]],[[-0.79632,1.58935],[-0.77995,1.58436]],[[-0.85018,1.57006],[-0.80989,1.58726],[-0.79632,1.58935]],[[-0.88671,1.57838],[-0.85018,1.57006]],[[-0.9479,1.53765],[-0.93766,1.54015],[-0.92782,1.55103],[-0.91627,1.56903],[-0.90514,1.57664],[-0.88671,1.57838]],[[-0.96858,1.54797],[-0.9479,1.53765]],[[-0.99198,1.49149],[-0.99389,1.52388],[-0.99001,1.5352],[-0.97906,1.54608],[-0.96858,1.54797]],[[-2.24799,-2.29696],[-2.24665,-2.25885],[-2.24821,-2.24064],[-2.25326,-2.22288]],[[-2.10082,-2.48738],[-2.11664,-2.42938],[-2.10268,-2.41641],[-2.0848,-2.3752],[-2.05919,-2.33927],[-2.07096,-2.33026],[-2.21221,-2.29678]],[[-2.21221,-2.29678],[-2.24799,-2.29696]],[[-1.9383,-1.70555],[-1.92997,-1.70492],[-1.92082,-1.70043]],[[-1.96207,-1.70115],[-1.9383,-1.70555]],[[-1.99144,-1.74644],[-1.98186,-1.74581],[-1.9765,-1.74059],[-1.97418,-1.73343],[-1.97286,-1.71593],[-1.97081,-1.70728],[-1.96716,-1.70267],[-1.96207,-1.70115]],[[-2.02021,-1.71916],[-2.01156,-1.72093],[-2.00455,-1.7289],[-1.99842,-1.73909],[-1.99144,-1.74644]],[[-2.09571,-1.90627],[-2.08869,-1.90554],[-2.0815,-1.89956],[-2.01568,-1.82175],[-2.0119,-1.80372],[-2.01795,-1.79523],[-2.04631,-1.78522],[-2.05455,-1.77427],[-2.05748,-1.7613],[-2.05556,-1.74755],[-2.04917,-1.73423],[-2.04164,-1.727],[-2.0311,-1.72159],[-2.02021,-1.71916]],[[-2.11054,-1.90261],[-2.09571,-1.90627]],[[-2.13651,-2.0875],[-2.13513,-2.07306],[-2.13829,-2.06309],[-2.14301,-2.05432],[-2.14629,-2.04347],[-2.14531,-2.03372],[-2.13759,-2.01514],[-2.13588,-2.00552],[-2.13821,-1.99658],[-2.14912,-1.98634],[-2.15375,-1.97994],[-2.15517,-1.96845],[-2.152,-1.95615],[-2.14608,-1.945],[-2.11647,-1.90616],[-2.11054,-1.90261]],[[-2.15044,-2.08417],[-2.13651,-2.0875]],[[-2.25326,-2.22288],[-2.19895,-2.19796],[-2.17542,-2.17666],[-2.1837,-2.14499],[-2.20308,-2.12065],[-2.20897,-2.10562],[-2.20017,-2.09736],[-2.15044,-2.08417]],[[-1.92082,-1.70043],[-1.89951,-1.73541],[-1.88557,-1.77476],[-1.86897,-1.80683],[-1.8397,-1.81998]],[[-1.70736,-1.76859],[-1.67873,-1.7705],[-1.67186,-1.77469],[-1.66261,-1.79091],[-1.64744,-1.7976]],[[-1.74678,-1.80302],[-1.73678,-1.7967],[-1.72467,-1.77846],[-1.7167,-1.7706],[-1.70736,-1.76859]],[[-1.5708,-1.78152],[-1.55738,-1.7838],[-1.54335,-1.79704],[-1.53662,-1.81474],[-1.53974,-1.83269],[-1.5553,-1.84669],[-1.53911,-1.87207]],[[-1.64744,-1.7976],[-1.61229,-1.79536],[-1.5708,-1.78152]],[[-1.77576,-1.79087],[-1.76823,-1.79214],[-1.75348,-1.80201],[-1.74678,-1.80302]],[[-1.8397,-1.81998],[-1.82366,-1.81613],[-1.77576,-1.79087]],[[-1.4445,-1.83839],[-1.41323,-1.85424],[-1.38554,-1.87783],[-1.37128,-1.9039]],[[-1.53911,-1.87207],[-1.51617,-1.87075],[-1.46803,-1.83836],[-1.4445,-1.83839]],[[0.71041,-2.03248],[0.70422,-2.04097],[0.68609,-2.07673],[0.67469,-2.08573],[0.65182,-2.08994],[0.64031,-2.10076],[0.66344,-2.13988],[0.66657,-2.15072],[0.6712,-2.18371],[0.69021,-2.22794],[0.69252,-2.24283],[0.68719,-2.26517],[0.66121,-2.32372],[0.62954,-2.35904],[0.62273,-2.36044]],[[0.62273,-2.36044],[0.56855,-2.35507],[0.49586,-2.31171],[0.48189,-2.3079]],[[0.48189,-2.3079],[0.46164,-2.31524],[0.45812,-2.32821],[0.46042,-2.34525],[0.45765,-2.36479],[0.44312,-2.3753],[0.37243,-2.37919]],[[0.37243,-2.37919],[0.34535,-2.37107],[0.27063,-2.3251]],[[-2.68806,2.91019],[-2.68875,2.89062],[-2.6971,2.87721],[-2.7025,2.86288],[-2.69433,2.84056],[-2.62398,2.75816],[-2.60722,2.75606]],[[-2.56321,2.76921],[-2.56028,2.76669],[-2.55891,2.75979],[-2.55996,2.75264],[-2.56855,2.73152],[-2.56913,2.72102],[-2.56683,2.71078],[-2.54936,2.67547],[-2.54684,2.66538],[-2.54131,2.59783],[-2.53666,2.58294],[-2.55831,2.57256],[-2.59726,2.53063],[-2.61949,2.51404],[-2.62949,2.51258]],[[-2.60722,2.75606],[-2.56743,2.76891],[-2.56321,2.76921]],[[-2.62949,2.51258],[-2.65774,2.52175]],[[-2.65774,2.52175],[-2.6676,2.51628],[-2.67359,2.50417],[-2.67403,2.49037],[-2.66713,2.47984],[-2.66048,2.4745],[-2.65715,2.46842],[-2.65811,2.46102],[-2.66443,2.45167],[-2.67329,2.44448],[-2.70071,2.43413],[-2.72208,2.41608],[-2.73115,2.40283],[-2.73391,2.38851],[-2.70875,2.38075],[-2.70451,2.3757],[-2.70364,2.35886],[-2.69964,2.35213],[-2.66915,2.33854],[-2.63697,2.33546]],[[-2.61056,2.34341],[-2.57198,2.33089],[-2.5357,2.30903]],[[-2.63697,2.33546],[-2.61056,2.34341]],[[0.68819,2.90572],[0.76049,2.90086],[0.78051,2.89439],[0.84523,2.8448],[0.86083,2.82705],[0.87163,2.82027],[0.88313,2.81894]],[[0.89122,2.82172],[0.89817,2.82055],[0.92422,2.78444],[0.94724,2.77887]],[[0.88313,2.81894],[0.89122,2.82172]],[[1.01394,2.79094],[1.03104,2.78875],[1.04584,2.77669],[1.05862,2.74989],[1.07077,2.74026]],[[0.94724,2.77887],[1.01394,2.79094]],[[1.26908,2.76423],[1.29462,2.74604]],[[1.20136,2.74425],[1.24756,2.76327],[1.26908,2.76423]],[[1.12703,2.7589],[1.20136,2.74425]],[[1.07077,2.74026],[1.12703,2.7589]],[[1.21266,1.61507],[1.22173,1.622],[1.22791,1.6373],[1.23121,1.65527],[1.23184,1.67785],[1.23273,1.68123],[1.24061,1.6953],[1.24265,1.70119],[1.24298,1.70916],[1.23028,1.80047],[1.22853,1.80459],[1.22574,1.8074],[1.21756,1.81299],[1.21391,1.81737],[1.21147,1.82306],[1.21081,1.8301],[1.21197,1.83503],[1.21572,1.84322],[1.21587,1.84789],[1.21402,1.85204],[1.21106,1.85429],[1.18531,1.86354],[1.18032,1.86757],[1.16592,1.89211],[1.14092,1.90758],[1.11624,1.94325],[1.09167,1.95922],[1.08729,1.96772],[1.08891,1.97589],[1.10349,2.00043],[1.10731,2.01268],[1.10894,2.0258],[1.10767,2.03906]],[[1.16439,1.62441],[1.17541,1.62441],[1.21266,1.61507]],[[1.13737,1.53084],[1.15025,1.55197],[1.13395,1.58741],[1.14407,1.61226],[1.15386,1.62076],[1.16439,1.62441]],[[-2.68015,1.32802],[-2.70797,1.34091],[-2.78302,1.34757],[-2.81719,1.35977],[-2.85146,1.38319]],[[-2.44119,1.28831],[-2.65988,1.35712]],[[-2.65988,1.35712],[-2.66495,1.35397],[-2.67396,1.33184],[-2.68015,1.32802]],[[-2.31258,1.30595],[-2.32379,1.30901],[-2.3554,1.3282]],[[-2.3554,1.3282],[-2.36101,1.32492],[-2.37342,1.30673],[-2.38152,1.30299]],[[-2.3007,1.30874],[-2.31258,1.30595]],[[-2.38152,1.30299],[-2.39073,1.30369],[-2.40817,1.30937]],[[-2.40817,1.30937],[-2.41443,1.30743],[-2.42464,1.29283],[-2.43027,1.28856],[-2.44119,1.28831]],[[1.61285,3.01417],[1.61172,3.00531],[1.60603,2.99195],[1.60495,2.98334],[1.60628,2.9775],[1.62008,2.94153],[1.62267,2.93717],[1.62902,2.93167],[1.6365,2.92901]],[[1.72277,2.95838],[1.73679,2.95142],[1.76019,2.92653],[1.77302,2.90667],[1.77804,2.895],[1.78118,2.88213],[1.78126,2.86876],[1.77997,2.8563],[1.78105,2.84543],[1.78827,2.83686],[1.80014,2.83128],[1.80298,2.82578],[1.80119,2.81473],[1.78384,2.78424],[1.78152,2.77434],[1.78045,2.74718],[1.78184,2.73631],[1.78869,2.72696],[1.80685,2.71972],[1.80883,2.70663],[1.80292,2.68494],[1.80175,2.67694],[1.80282,2.65451],[1.8055,2.64367],[1.81005,2.63515],[1.81936,2.63268]],[[1.6365,2.92901],[1.68276,2.93394],[1.69848,2.94125],[1.711,2.95299],[1.72277,2.95838]],[[1.84237,2.63922],[1.85002,2.63135],[1.86533,2.58361],[1.86634,2.57437],[1.86468,2.56551],[1.85581,2.54389],[1.85265,2.53127],[1.85257,2.51854],[1.85723,2.50711],[1.86098,2.50361],[1.86934,2.49838],[1.87259,2.49406],[1.87408,2.48857],[1.87433,2.482],[1.87322,2.47583],[1.87064,2.47157],[1.86388,2.46992]],[[1.81936,2.63268],[1.84237,2.63922]],[[1.86388,2.46992],[1.84807,2.47454]],[[1.84807,2.47454],[1.8402,2.47246],[1.82257,2.45374],[1.8181,2.44576],[1.81603,2.43905],[1.81613,2.43306],[1.81792,2.42739],[1.82096,2.42168],[1.82901,2.4002],[1.83168,2.37551],[1.8304,2.35016],[1.82167,2.30612],[1.81809,2.29717],[1.80577,2.27927],[1.80021,2.26769],[1.79941,2.25614],[1.8064,2.24622],[1.81503,2.23768],[1.81905,2.22811],[1.82546,2.15447],[1.82501,2.13994],[1.81984,2.12745],[1.80357,2.11404],[1.79973,2.09618],[1.80124,2.08782],[1.80535,2.08189],[1.82659,2.0705],[1.82946,2.06699],[1.83225,2.06048],[1.83364,2.05332],[1.83416,2.02757],[1.83486,2.02432]],[[-4.43584,1.6655],[-4.44789,1.67795],[-4.4615,1.73872],[-4.46541,1.74798],[-4.48596,1.77763],[-4.49134,1.78271],[-4.49513,1.78923],[-4.49542,1.80113],[-4.48873,1.81922],[-4.47671,1.82979],[-4.37777,1.86398]],[[-4.33499,1.63311],[-4.3506,1.6404],[-4.38304,1.66789],[-4.39846,1.67041]],[[-4.39846,1.67041],[-4.43584,1.6655]],[[-4.3007,1.5348],[-4.29229,1.54161],[-4.2866,1.55437],[-4.28029,1.587],[-4.27965,1.60161],[-4.28283,1.62263],[-4.29084,1.63446],[-4.30264,1.63824]],[[-4.30264,1.63824],[-4.33499,1.63311]],[[-4.31867,1.53777],[-4.3007,1.5348]],[[-4.35821,1.50281],[-4.34962,1.50374],[-4.34044,1.51097],[-4.33641,1.51917],[-4.3335,1.52749],[-4.32764,1.53511],[-4.31867,1.53777]],[[-4.37916,1.5155],[-4.37165,1.51269],[-4.35821,1.50281]],[[-4.39474,1.4529],[-4.39899,1.46129],[-4.40132,1.47287],[-4.40157,1.485],[-4.39957,1.495],[-4.39571,1.50337],[-4.39122,1.50988],[-4.3858,1.51407],[-4.37916,1.5155]],[[-4.06747,1.86081],[-4.02525,1.85441],[-4.01158,1.8471],[-4.00898,1.83936],[-4.00645,1.81553],[-4.00353,1.80901],[-3.99507,1.8081]],[[-4.19933,1.80782],[-4.11246,1.81271],[-4.10222,1.81706],[-4.09466,1.82713],[-4.08768,1.84954],[-4.08219,1.85726],[-4.06747,1.86081]],[[-4.37777,1.86398],[-4.36378,1.85723]],[[-4.30054,1.85612],[-4.29601,1.85447],[-4.29319,1.84977],[-4.29316,1.8447],[-4.29391,1.839],[-4.29344,1.83233],[-4.28394,1.82123]],[[-4.36378,1.85723],[-4.30054,1.85612]],[[-3.9655,1.81712],[-3.94781,1.81294],[-3.90517,1.78231],[-3.87985,1.77491],[-3.86997,1.76783],[-3.86105,1.73772],[-3.85533,1.73099]],[[-3.99507,1.8081],[-3.9655,1.81712]],[[-4.22981,1.83453],[-4.22596,1.82978],[-4.22308,1.82256],[-4.2167,1.81546],[-4.19933,1.80782]],[[-4.28394,1.82123],[-4.2683,1.82231],[-4.23909,1.83419],[-4.22981,1.83453]],[[-3.62037,1.78806],[-3.60509,1.78154],[-3.59828,1.77562],[-3.59253,1.76767],[-3.58276,1.74074],[-3.57761,1.73516]],[[-3.77178,1.66568],[-3.74761,1.67831],[-3.70883,1.71226],[-3.70013,1.72629],[-3.69689,1.73985],[-3.69367,1.77159],[-3.6866,1.78564],[-3.67545,1.7894],[-3.62037,1.78806]],[[-3.57761,1.73516],[-3.56667,1.73536],[-3.54322,1.74872],[-3.53073,1.74825]],[[-3.78781,1.76165],[-3.77941,1.75536],[-3.78575,1.67263],[-3.77178,1.66568]],[[-3.85533,1.73099],[-3.84781,1.73179],[-3.82738,1.75016],[-3.78781,1.76165]],[[-3.53073,1.74825],[-3.5188,1.73432],[-3.51411,1.72548],[-3.50553,1.69829],[-3.49961,1.69106],[-3.49141,1.69009]],[[-3.47936,1.69183],[-3.46818,1.69014],[-3.46172,1.68321],[-3.46226,1.67343],[-3.47205,1.66316],[-3.51718,1.65254],[-3.52771,1.63798],[-3.52846,1.61983],[-3.51849,1.61112],[-3.46068,1.59461],[-3.43305,1.57169],[-3.42635,1.56247],[-3.42197,1.55237],[-3.41972,1.54078],[-3.41941,1.52708],[-3.42021,1.51917],[-3.4251,1.49838],[-3.42803,1.46703],[-3.43051,1.45679],[-3.40569,1.45501],[-3.39834,1.4522],[-3.39257,1.44161],[-3.39395,1.42742],[-3.39945,1.41321],[-3.40606,1.40258],[-3.41115,1.39751],[-3.41595,1.39491],[-3.43282,1.39194],[-3.43936,1.38899],[-3.44394,1.38313],[-3.44431,1.37316],[-3.43686,1.36716],[-3.411,1.36393],[-3.40561,1.35101],[-3.40877,1.34257],[-3.41595,1.34028]],[[-3.49141,1.69009],[-3.47936,1.69183]],[[-3.41595,1.34028],[-3.43152,1.34215]],[[-3.43152,1.34215],[-3.4424,1.34048],[-3.44846,1.33449],[-3.45052,1.32351],[-3.44941,1.30691],[-3.44745,1.29837],[-3.44183,1.28511],[-3.43994,1.27756],[-3.44147,1.25677],[-3.43951,1.24789],[-3.43038,1.2406]],[[2.23798,2.32289],[2.22483,2.32271],[2.18384,2.37381],[2.1764,2.38746],[2.17329,2.39933],[2.17305,2.41083],[2.17539,2.42176],[2.18002,2.43191],[2.18588,2.43908],[2.18748,2.44299],[2.1873,2.44975],[2.18371,2.45887],[2.17735,2.46495],[2.16317,2.47102],[2.0681,2.47043],[2.05815,2.47758],[2.05004,2.49536],[2.04405,2.5012],[2.01407,2.50968],[2.00619,2.51453],[2.00352,2.5207],[2.00075,2.54076],[1.99763,2.54782],[1.99326,2.55298],[1.94849,2.5726],[1.9395,2.58336],[1.92568,2.61421],[1.92491,2.62872],[1.93425,2.63819],[1.96176,2.65007],[1.97265,2.66286],[1.97588,2.68399],[1.97034,2.6989],[1.96084,2.71572],[1.95505,2.73181],[1.96059,2.74459],[1.97084,2.75413],[1.97552,2.76416],[1.97509,2.7762],[1.96712,2.80028],[1.96298,2.82444],[1.95732,2.83594],[1.93989,2.84821],[1.93351,2.86178],[1.93016,2.87716],[1.92743,2.88291],[1.92236,2.88883],[1.91387,2.89525],[1.91017,2.89936],[1.90768,2.90568],[1.90771,2.9188],[1.91556,2.94646],[1.91748,2.95981],[1.91354,2.98527],[1.9064,3.01131]],[[2.32436,2.30133],[2.30862,2.30726],[2.27893,2.32799],[2.26512,2.33331]],[[2.26512,2.33331],[2.25117,2.32973],[2.23798,2.32289]],[[2.56033,2.17817],[2.45126,2.22087],[2.42332,2.24628],[2.39505,2.25472],[2.37774,2.26506],[2.37149,2.27214],[2.35435,2.30014],[2.3487,2.30299]],[[2.3487,2.30299],[2.32436,2.30133]],[[2.71096,2.08915],[2.62825,2.17241],[2.59773,2.18625]],[[2.59773,2.18625],[2.58868,2.18545],[2.56999,2.17905],[2.56033,2.17817]],[[0.75027,0.84257],[0.76218,0.82683],[0.76433,0.75353],[0.78572,0.74907]],[[0.79745,0.75207],[0.80958,0.74898],[0.82055,0.73973],[0.82879,0.72421],[0.83241,0.70477],[0.82441,0.68042],[0.82337,0.66011]],[[0.78572,0.74907],[0.79745,0.75207]],[[0.07687,3.19912],[0.07865,3.1903],[0.07846,3.17961],[0.07,3.12981],[0.06973,3.11968],[0.07143,3.11076],[0.08191,3.09063],[0.08602,3.07376],[0.08625,3.05608],[0.07901,3.00902],[0.07868,2.99716],[0.08,2.98552],[0.08314,2.9743],[0.08826,2.96547],[0.09941,2.95947],[0.10506,2.95361],[0.10942,2.94284],[0.1104,2.9312],[0.1076,2.92099],[0.10061,2.91454],[0.09434,2.91426]],[[0.09434,2.91426],[0.08331,2.92092],[0.07748,2.92268]],[[0.07748,2.92268],[0.06549,2.91281],[0.05425,2.86402],[0.04603,2.84476],[0.02719,2.83169],[-0.00547,2.82923],[-0.02335,2.81534],[-0.02239,2.81011],[0.00705,2.77824],[0.01167,2.76925],[0.01296,2.75703],[0.0043,2.73768],[-0.01114,2.7288],[-0.02275,2.71856],[-0.01987,2.69511],[-0.01485,2.68552],[-0.0097,2.68163]],[[0.03115,2.69162],[0.04423,2.69139],[0.06719,2.68267],[0.07704,2.67544],[0.08429,2.6649],[0.08566,2.6504],[0.08068,2.63506],[0.07195,2.6203],[0.06174,2.60815],[0.05231,2.60063]],[[-0.0097,2.68163],[-0.00354,2.68183],[0.03115,2.69162]],[[-2.56233,2.06004],[-2.54644,2.08318],[-2.50851,2.11518],[-2.49193,2.14951],[-2.48674,2.15735],[-2.48376,2.16616],[-2.48582,2.17996],[-2.49165,2.20173],[-2.49115,2.21452],[-2.48407,2.22498],[-2.47017,2.23977],[-2.52316,2.28296],[-2.53789,2.28538],[-2.5357,2.30903]],[[-1.78567,2.49594],[-1.78004,2.48232],[-1.76964,2.47329],[-1.75752,2.46916]],[[-1.82384,2.46749],[-1.81658,2.46895],[-1.80819,2.4764],[-1.80284,2.48682],[-1.79662,2.49505],[-1.78567,2.49594]],[[-1.72317,2.48677],[-1.71311,2.4858],[-1.69918,2.4686]],[[-1.75752,2.46916],[-1.74667,2.47024],[-1.72317,2.48677]],[[-1.88937,2.48118],[-1.88483,2.47645],[-1.87676,2.45838],[-1.87221,2.45368]],[[-2.07059,2.3616],[-1.93797,2.43346],[-1.90436,2.47754],[-1.88937,2.48118]],[[-1.84701,2.46883],[-1.82384,2.46749]],[[-1.87221,2.45368],[-1.86635,2.45535],[-1.85347,2.46622],[-1.84701,2.46883]],[[-2.26679,2.41765],[-2.24696,2.41341],[-2.23715,2.40413],[-2.2198,2.3798],[-2.20988,2.37118],[-2.20545,2.36932]],[[-2.38166,2.3813],[-2.29993,2.39781],[-2.26679,2.41765]],[[-2.18132,2.39678],[-2.07059,2.3616]],[[-2.20545,2.36932],[-2.20197,2.36941],[-2.19896,2.37194],[-2.19594,2.37739],[-2.19459,2.38182],[-2.19304,2.39011],[-2.19099,2.39354],[-2.18132,2.39678]],[[-2.4279,2.39576],[-2.41619,2.3935],[-2.39356,2.38251],[-2.38166,2.3813]],[[-2.5357,2.30903],[-2.52201,2.3136],[-2.50221,2.33513],[-2.49099,2.34213],[-2.44622,2.35202],[-2.43677,2.36082],[-2.43594,2.36659],[-2.43786,2.3698],[-2.44057,2.37292],[-2.44211,2.37844],[-2.44088,2.38545],[-2.4373,2.39085],[-2.43257,2.39436],[-2.4279,2.39576]],[[-0.59178,4.50894],[-0.56537,4.47804],[-0.51479,4.37238],[-0.4934,4.2996],[-0.47883,4.28555],[-0.46121,4.2788]],[[-0.40466,4.27985],[-0.39245,4.2752],[-0.3851,4.26377],[-0.39145,4.25327],[-0.40285,4.24258],[-0.41071,4.23054],[-0.41165,4.22005],[-0.40886,4.2147],[-0.40458,4.2103],[-0.40102,4.20265],[-0.40096,4.19498],[-0.40526,4.18259],[-0.40486,4.17535],[-0.39981,4.16755],[-0.39238,4.16464],[-0.37736,4.16448],[-0.36573,4.15981],[-0.33465,4.12961],[-0.32519,4.12602],[-0.18392,4.12102],[-0.17429,4.11786]],[[-0.46121,4.2788],[-0.40466,4.27985]],[[-0.12526,4.16026],[-0.11369,4.1579],[-0.10214,4.14836],[-0.08289,4.12299],[-0.09243,4.12181],[-0.10277,4.11765],[-0.11254,4.11097],[-0.12027,4.10227],[-0.12418,4.09142],[-0.12363,4.06994],[-0.12661,4.05911],[-0.13293,4.05144],[-0.13488,4.04733],[-0.13506,4.03988],[-0.13352,4.03401],[-0.1305,4.02819],[-0.12683,4.0232],[-0.12332,4.01984],[-0.11215,4.01697]],[[-0.17429,4.11786],[-0.16916,4.11841],[-0.15748,4.12688],[-0.13782,4.15275],[-0.12526,4.16026]],[[-0.08948,4.02443],[-0.07843,4.02294],[-0.06931,4.01376],[-0.06359,4.00319],[-0.05694,3.99582]],[[-0.11215,4.01697],[-0.08948,4.02443]],[[-0.02684,3.99995],[-0.01752,3.99845],[-0.00916,3.99342],[-0.00415,3.98676],[-0.00125,3.97896],[0.00206,3.96037],[0.00953,3.94554],[0.03163,3.94133],[0.03755,3.93467],[0.03547,3.91833],[0.02595,3.90788],[0.00434,3.89196],[0.00122,3.87343],[0.01257,3.85602],[0.0284,3.83887],[0.03874,3.82109],[0.04006,3.80869],[0.03766,3.80069],[0.01866,3.78162],[0.01323,3.77095],[0.01267,3.75976],[0.02003,3.75031],[0.02758,3.74926]],[[-0.05694,3.99582],[-0.02684,3.99995]],[[0.06263,3.76281],[0.07483,3.75997],[0.08644,3.75365],[0.10482,3.73242],[0.10803,3.72511],[0.10866,3.71691],[0.10553,3.70953],[0.088,3.69099],[0.08098,3.67555],[0.05738,3.56646],[0.05684,3.54274]],[[0.02758,3.74926],[0.05096,3.76203],[0.06263,3.76281]],[[0.01297,3.61366],[0.0308,3.62099],[0.04652,3.62337],[0.04451,3.64529],[0.0403,3.66636]],[[0.0403,3.66636],[0.03263,3.65455],[0.02348,3.6466],[0.01326,3.64258]],[[0.01326,3.64258],[0.00239,3.64261]],[[0.00239,3.64261],[0.00089,3.616],[0.01297,3.61366]],[[-0.17714,-1.11109],[-0.20844,-1.10884],[-0.23316,-1.06236],[-0.25106,-1.05156],[-0.28721,-1.04233],[-0.32468,-1.0165]],[[-0.32468,-1.0165],[-0.33782,-1.01722]],[[-0.0032,-1.20839],[-0.03621,-1.18788],[-0.04593,-1.17183],[-0.05856,-1.13815],[-0.07001,-1.12454],[-0.1168,-1.10074]],[[-0.1168,-1.10074],[-0.17714,-1.11109]],[[0.07283,-1.14266],[0.02393,-1.19677],[-0.0032,-1.20839]],[[0.2777,-1.09565],[0.26834,-1.09292],[0.24135,-1.07493]],[[0.24135,-1.07493],[0.22889,-1.07525],[0.21261,-1.09194],[0.20204,-1.09736],[0.17636,-1.10262],[0.16549,-1.10928],[0.14102,-1.13729],[0.11864,-1.14354]],[[0.43856,-1.1478],[0.4272,-1.14141],[0.41965,-1.13216],[0.40675,-1.11019],[0.39902,-1.10194],[0.35484,-1.07976],[0.33801,-1.07943]],[[0.33801,-1.07943],[0.2777,-1.09565]],[[0.6228,-1.13502],[0.56572,-1.10846]],[[0.56572,-1.10846],[0.55604,-1.11649],[0.54912,-1.13726],[0.5345,-1.14492]],[[0.5345,-1.14492],[0.51702,-1.1435],[0.48472,-1.12626],[0.47712,-1.1256]],[[0.47712,-1.1256],[0.46722,-1.13057],[0.44779,-1.14598],[0.43856,-1.1478]],[[0.11864,-1.14354],[0.07283,-1.14266]],[[-2.24782,-3.06124],[-2.23931,-3.06407],[-2.23583,-3.06693],[-2.23327,-3.07085],[-2.23171,-3.07567],[-2.2312,-3.08122],[-2.2319,-3.08924],[-2.23378,-3.097],[-2.23999,-3.11098],[-2.24217,-3.11414],[-2.24457,-3.1166],[-2.24716,-3.1184],[-2.24984,-3.11954],[-2.257,-3.11962]],[[-2.257,-3.11962],[-2.26339,-3.11581],[-2.26786,-3.10853],[-2.2693,-3.09825],[-2.26637,-3.07764],[-2.26255,-3.06824],[-2.25657,-3.0625],[-2.25227,-3.0613],[-2.24782,-3.06124]],[[-2.27015,-3.14158],[-2.25353,-3.15198],[-2.24729,-3.17552],[-2.26052,-3.19631],[-2.26796,-3.19899],[-2.27559,-3.19894]],[[-2.27559,-3.19894],[-2.28241,-3.19544],[-2.28749,-3.18772],[-2.28918,-3.18118],[-2.28968,-3.17421],[-2.28815,-3.16027],[-2.27015,-3.14158]],[[-0.10624,-3.57648],[-0.0983,-3.57837],[-0.07879,-3.59469],[0.03402,-3.65306]],[[-0.21766,-3.65569],[-0.19871,-3.64955],[-0.18965,-3.64096],[-0.17013,-3.61121],[-0.15872,-3.60025],[-0.10624,-3.57648]],[[-0.45943,-3.6411],[-0.21766,-3.65569]],[[-0.51086,-3.78226],[-0.49916,-3.77958],[-0.48401,-3.76901],[-0.4779,-3.7577],[-0.47812,-3.74265],[-0.49204,-3.66561],[-0.48435,-3.65068],[-0.45943,-3.6411]],[[-0.53276,-3.77764],[-0.51086,-3.78226]],[[-0.59781,-3.83436],[-0.57743,-3.81894],[-0.5418,-3.7783],[-0.53276,-3.77764]],[[-0.61493,-3.82254],[-0.59781,-3.83436]],[[2.80221,1.87407],[2.83914,1.87334],[2.85784,1.86717],[2.86758,1.83417],[2.97881,1.7877],[2.98603,1.77903],[2.9849,1.76684],[2.98205,1.7534],[2.98412,1.74091],[2.99331,1.73532],[3.0046,1.7358],[3.0142,1.73394],[3.02324,1.71039],[3.03508,1.70658],[3.06099,1.70653]],[[1.08305,-0.9095],[1.04858,-0.90309],[1.00501,-0.87532],[0.96831,-0.83508],[0.95444,-0.79126],[0.95985,-0.77827],[0.97733,-0.75206],[0.97549,-0.7401],[0.96483,-0.73631],[0.94999,-0.73535],[0.93857,-0.72986],[0.93823,-0.71253],[0.96488,-0.67174],[0.97176,-0.647],[0.95638,-0.62426],[0.93507,-0.61235],[0.92937,-0.60396],[0.927,-0.59324],[0.93244,-0.57652],[0.93306,-0.56602],[0.92399,-0.54891],[0.87565,-0.52141],[0.87135,-0.50696],[0.88062,-0.49971],[0.90364,-0.49271],[0.90913,-0.47912],[0.90361,-0.46837],[0.88383,-0.45603],[0.87005,-0.44222],[0.87375,-0.42532],[0.92928,-0.35886],[0.94094,-0.34925],[0.97746,-0.34599],[0.9929,-0.33942],[0.99737,-0.31651],[0.99251,-0.29874],[0.98279,-0.28247],[0.97059,-0.27063],[0.95819,-0.26617]],[[1.17837,-1.00711],[1.16745,-1.00414],[1.16064,-0.99415],[1.15913,-0.97518],[1.1675,-0.93048],[1.16462,-0.91678],[1.14892,-0.90451],[1.1255,-0.90198]],[[1.1255,-0.90198],[1.08305,-0.9095]],[[1.23587,-1.03917],[1.21591,-1.01093],[1.20571,-1.00464]],[[1.20571,-1.00464],[1.17837,-1.00711]],[[1.77671,0.78812],[1.76584,0.78817],[1.75518,0.79085],[1.72496,0.80918],[1.71662,0.81788]],[[1.71662,0.81788],[1.71181,0.81477]],[[1.83283,0.79456],[1.82212,0.80023]],[[1.82212,0.80023],[1.81056,0.79939],[1.77671,0.78812]],[[2.57062,1.12241],[2.55316,1.1015]],[[2.55316,1.1015],[2.50093,1.11395]],[[2.50093,1.11395],[2.4765,1.10474],[2.46098,1.08996],[2.45514,1.08704]],[[2.45514,1.08704],[2.44838,1.08697],[2.43465,1.09154],[2.42927,1.09131]],[[2.42927,1.09131],[2.42138,1.08186],[2.41092,1.05234],[2.40301,1.04223]],[[2.35007,1.04479],[2.34372,1.04872],[2.33227,1.061],[2.32555,1.0649],[2.31446,1.06555]],[[2.31446,1.06555],[2.25595,1.05192],[2.24528,1.04613],[2.2366,1.03687],[2.21769,0.98345],[2.20761,0.97197],[2.19881,0.97044]],[[2.40301,1.04223],[2.36607,1.0603]],[[2.36607,1.0603],[2.36217,1.05793],[2.35386,1.0467],[2.35007,1.04479]],[[2.19881,0.97044],[2.17954,0.97416]],[[2.17954,0.97416],[2.17062,0.97314],[2.16744,0.97109],[2.16107,0.96393],[2.15888,0.95998],[2.15528,0.94651],[2.15309,0.94222],[2.14977,0.93842],[2.14601,0.93578],[2.13779,0.93317]],[[2.13779,0.93317],[2.11571,0.93371]],[[2.11571,0.93371],[2.11035,0.92868],[2.09411,0.90351],[2.08433,0.89409],[2.03279,0.87313],[2.01852,0.87208]],[[2.01852,0.87208],[1.9927,0.87896]],[[1.9927,0.87896],[1.98488,0.87787],[1.85507,0.79469]],[[1.85507,0.79469],[1.83283,0.79456]],[[0.55545,0.20413],[0.57055,0.21105],[0.58798,0.2275],[0.6292,0.24348],[0.68352,0.28164],[0.69623,0.28611],[0.71335,0.28763],[0.71767,0.28971],[0.72039,0.29505],[0.72155,0.30254],[0.72093,0.32134],[0.72028,0.32365],[0.71184,0.33628],[0.71149,0.33963],[0.71737,0.34771],[0.7407,0.35668],[0.74793,0.36919],[0.74499,0.38614],[0.73333,0.3958],[0.72043,0.4029],[0.71375,0.41212],[0.71574,0.44573],[0.71447,0.46128],[0.70661,0.47204],[0.69001,0.47602],[0.68316,0.48061],[0.6802,0.49222],[0.68333,0.50451],[0.69141,0.50899],[0.71028,0.51141],[0.71631,0.51546],[0.72136,0.52177],[0.72491,0.52989],[0.72643,0.53942],[0.72533,0.54987],[0.71509,0.57788],[0.71359,0.58863],[0.71436,0.59844],[0.71997,0.61776],[0.72352,0.62206],[0.76805,0.6288],[0.80761,0.65528],[0.82337,0.66011]],[[0.50657,0.25383],[0.52491,0.24154],[0.55545,0.20413]],[[0.4286,0.2404],[0.50657,0.25383]],[[0.82337,0.66011],[0.8362,0.65718],[0.86432,0.62458],[0.87753,0.61801],[0.89037,0.61531],[0.90189,0.60952],[0.91113,0.59364],[0.91671,0.57883],[0.92189,0.572],[0.92865,0.57184]],[[0.95025,0.57974],[0.95768,0.57397],[0.97151,0.55136],[0.98287,0.54183],[1.02788,0.52709],[1.03643,0.52647]],[[0.92865,0.57184],[0.93897,0.57701],[0.95025,0.57974]],[[1.05066,0.5301],[1.05513,0.52928],[1.05956,0.52532],[1.08061,0.47564],[1.09249,0.46322],[1.13091,0.45176],[1.13891,0.43744],[1.14298,0.42102],[1.14676,0.41621],[1.15386,0.41405]],[[1.03643,0.52647],[1.05066,0.5301]],[[1.52271,0.50732],[1.5366,0.502]],[[1.41977,0.47883],[1.47833,0.48341],[1.50826,0.50246],[1.52271,0.50732]],[[1.39916,0.49853],[1.40435,0.49489],[1.41412,0.48148],[1.41977,0.47883]],[[1.15386,0.41405],[1.16233,0.4151],[1.16862,0.41919],[1.18086,0.43214],[1.18354,0.43411],[1.18613,0.43509],[1.22064,0.4376],[1.30212,0.47706],[1.35882,0.48511],[1.3917,0.49795],[1.39916,0.49853]],[[1.5366,0.502],[1.53975,0.5008]],[[-2.18489,1.24773],[-2.3007,1.30874]],[[-2.11939,1.17392],[-2.13695,1.1789],[-2.15241,1.19191],[-2.16144,1.21012],[-2.16328,1.22118],[-2.16305,1.22658],[-2.1615,1.23216],[-2.15841,1.23605],[-2.14744,1.24524],[-2.14469,1.2458],[-2.15102,1.26022],[-2.15816,1.2629]],[[-2.15816,1.2629],[-2.17628,1.24963],[-2.18489,1.24773]],[[-1.92282,1.12021],[-1.95738,1.13925],[-1.98139,1.14459],[-2.05236,1.18825],[-2.08802,1.19551]],[[-2.08802,1.19551],[-2.09335,1.19395],[-2.1041,1.17985],[-2.11939,1.17392]],[[-1.86137,1.13288],[-1.89855,1.14776]],[[-1.89855,1.14776],[-1.90677,1.12046],[-1.92282,1.12021]],[[-2.27335,1.34615],[-2.29748,1.35259],[-2.30683,1.35958],[-2.31439,1.37356],[-2.31348,1.38682],[-2.3032,1.39488],[-2.28033,1.40335],[-2.27618,1.40676],[-2.27303,1.41124],[-2.27106,1.41696],[-2.27044,1.42411],[-2.27177,1.43155],[-2.27743,1.4435],[-2.27896,1.4506],[-2.27709,1.46297],[-2.27131,1.47274],[-2.26342,1.47953],[-2.2552,1.48298],[-2.22292,1.48429],[-2.21246,1.48847],[-2.20495,1.49859],[-2.20486,1.51154],[-2.20922,1.52492],[-2.21509,1.53631],[-2.23225,1.55808],[-2.23749,1.57051],[-2.23387,1.58414],[-2.23042,1.58775],[-2.22654,1.58962],[-2.17935,1.59817],[-2.16717,1.60553],[-2.16034,1.61378],[-2.15588,1.62478],[-2.15402,1.63731],[-2.15501,1.65015],[-2.16245,1.67445],[-2.16203,1.68564],[-2.16011,1.69753],[-2.15769,1.70432],[-2.15341,1.70846],[-2.10534,1.73868],[-2.09289,1.76705],[-2.09861,1.87546],[-2.09413,1.89038],[-2.08704,1.90092],[-2.07806,1.90744],[-2.0393,1.91223],[-2.03001,1.91571]],[[2.0455,-1.0654],[1.93533,-1.02429],[1.92434,-1.01308],[1.83655,-0.85401]],[[2.30634,-1.3241],[2.29873,-1.30625],[2.27728,-1.2993],[2.23714,-1.29948],[2.23012,-1.29708],[2.22695,-1.29048],[2.22431,-1.25922],[2.20538,-1.19197],[2.20599,-1.173],[2.21328,-1.15457],[2.2247,-1.14194],[2.23571,-1.13354],[2.24386,-1.12187],[2.24663,-1.09949],[2.24048,-1.0744],[2.22652,-1.05251],[2.19462,-1.01886],[2.18755,-1.01607],[2.13789,-1.01264],[2.09349,-0.97464],[2.08101,-0.97032],[2.06824,-0.96941]],[[2.06824,-0.96941],[2.05614,-0.97327],[2.04562,-0.98323],[2.04359,-0.99646],[2.04328,-1.04825],[2.0455,-1.0654]],[[2.12948,-0.7151],[2.11254,-0.71244],[2.09682,-0.70616],[2.08933,-0.7009],[2.08307,-0.69381],[2.079,-0.68439],[2.07514,-0.66387],[2.07136,-0.65462],[2.06042,-0.64567],[2.03308,-0.64307],[2.02034,-0.63841],[2.01034,-0.62636],[2.00585,-0.61121],[1.99579,-0.53973],[1.98864,-0.52738],[1.97648,-0.52433]],[[2.59203,-0.70966],[2.57682,-0.70977],[2.58116,-0.67926],[2.56776,-0.65807],[2.54604,-0.64661],[2.51312,-0.64431],[2.49975,-0.6376],[2.47709,-0.61699],[2.46857,-0.59937],[2.47229,-0.58696],[2.47934,-0.57459],[2.48087,-0.55706],[2.47882,-0.55218],[2.47519,-0.54759],[2.46752,-0.5409],[2.46019,-0.53687],[2.45248,-0.53541]],[[2.45248,-0.53541],[2.44518,-0.53758],[2.41248,-0.57858],[2.40376,-0.59498],[2.39117,-0.63688],[2.38322,-0.64928],[2.35056,-0.67757],[2.35011,-0.68327],[2.33923,-0.72551],[2.32706,-0.74511],[2.31149,-0.75876],[2.29376,-0.76631],[2.27496,-0.76756]],[[2.64089,-0.66993],[2.59203,-0.70966]],[[2.27496,-0.76756],[2.26669,-0.76484],[2.23212,-0.7228],[2.21176,-0.70577],[2.1898,-0.69563],[2.16749,-0.69605]],[[2.16749,-0.69605],[2.16198,-0.6994],[2.15198,-0.70964],[2.14632,-0.71301],[2.12948,-0.7151]],[[-0.86279,2.89976],[-0.95214,2.94233],[-1.04734,2.95826]],[[-1.04734,2.95826],[-1.07518,2.947],[-1.09325,2.92336],[-1.12325,2.86134],[-1.13172,2.85442]],[[-1.49353,2.91802],[-1.52323,2.92405],[-1.5418,2.96144]],[[-1.35811,2.85043],[-1.35813,2.87309],[-1.36604,2.8834],[-1.39143,2.89721],[-1.42208,2.92927],[-1.43116,2.93355]],[[-1.43116,2.93355],[-1.49353,2.91802]],[[-0.83598,2.91161],[-0.86279,2.89976]],[[-1.13172,2.85442],[-1.17904,2.85898]],[[-1.17904,2.85898],[-1.19412,2.85424],[-1.20732,2.84376],[-1.2169,2.82664],[-1.22336,2.82163],[-1.26591,2.81081],[-1.27711,2.80151],[-1.28307,2.78832],[-1.27877,2.77177],[-1.29331,2.76661]],[[-1.39746,2.8582],[-1.35811,2.85043]],[[-1.29331,2.76661],[-1.30573,2.76865],[-1.31701,2.77715],[-1.3282,2.79137],[-1.3469,2.8055],[-1.36972,2.81393],[-1.3891,2.8278],[-1.39746,2.8582]],[[-2.48988,-0.30329],[-2.50579,-0.29857],[-2.52064,-0.28663],[-2.57682,-0.2075],[-2.5955,-0.19258],[-2.58822,-0.17984],[-2.58731,-0.16611],[-2.59072,-0.15161],[-2.59643,-0.13655]],[[-2.42104,-0.34288],[-2.4341,-0.33045],[-2.44732,-0.31191],[-2.46089,-0.30415]],[[-2.46089,-0.30415],[-2.48988,-0.30329]],[[-2.15791,-0.4866],[-2.17255,-0.48001],[-2.20765,-0.431],[-2.26286,-0.38707],[-2.29305,-0.37487],[-2.33979,-0.3715],[-2.37373,-0.34284],[-2.38914,-0.33967]],[[-2.38914,-0.33967],[-2.42104,-0.34288]],[[-1.9585,-0.3769],[-1.96728,-0.37299],[-1.97534,-0.36456],[-1.98699,-0.35894]],[[-1.98699,-0.35894],[-2.01992,-0.36296],[-2.05733,-0.37998],[-2.0909,-0.40752],[-2.11228,-0.44311],[-2.12002,-0.46201],[-2.12949,-0.47469],[-2.14177,-0.48246],[-2.15791,-0.4866]],[[-1.94469,-0.36897],[-1.9585,-0.3769]],[[-0.74165,3.20007],[-0.74758,3.20523],[-0.75057,3.22904],[-0.75385,3.23909],[-0.76385,3.24653],[-0.80655,3.26516]],[[-0.60555,3.18136],[-0.66626,3.2129]],[[-0.66626,3.2129],[-0.74165,3.20007]],[[0.07687,3.19912],[0.03397,3.20714]],[[0.03397,3.20714],[0.03436,3.18806],[0.02769,3.17917]],[[-0.04151,3.18636],[-0.06355,3.20202]],[[-0.06355,3.20202],[-0.07468,3.20202],[-0.08224,3.19334],[-0.09426,3.16769],[-0.10217,3.15829],[-0.11951,3.15459],[-0.12721,3.15096],[-0.13186,3.14028],[-0.13183,3.13217],[-0.13079,3.12375],[-0.13103,3.11596],[-0.13482,3.1098],[-0.14304,3.10775]],[[0.02769,3.17917],[0.01734,3.17923],[-0.00224,3.19447],[-0.01107,3.19619]],[[-0.01107,3.19619],[-0.01999,3.19358],[-0.0292,3.18801],[-0.04151,3.18636]],[[-0.33265,3.12071],[-0.33975,3.12115],[-0.34634,3.12598],[-0.365,3.1475],[-0.41676,3.15951],[-0.44975,3.18452],[-0.49372,3.19353]],[[-0.49372,3.19353],[-0.60555,3.18136]],[[-0.27543,3.09433],[-0.28565,3.09881],[-0.31099,3.12416],[-0.31828,3.12509]],[[-0.31828,3.12509],[-0.33265,3.12071]],[[-0.14304,3.10775],[-0.1697,3.119]],[[-0.1697,3.119],[-0.18646,3.11858],[-0.19571,3.11542],[-0.21477,3.09409],[-0.21854,3.08718],[-0.22162,3.07871],[-0.22532,3.07168],[-0.231,3.06906]],[[-0.231,3.06906],[-0.238,3.07396],[-0.24159,3.0956],[-0.246,3.1042],[-0.25364,3.10611]],[[-0.25364,3.10611],[-0.26796,3.09661],[-0.27543,3.09433]],[[0.10117,3.51152],[0.1204,3.47903],[0.12453,3.46855],[0.12105,3.46238],[0.09897,3.43431],[0.07593,3.37573],[0.06848,3.36768],[0.06048,3.36201],[0.05434,3.35413],[0.05253,3.3394],[0.05498,3.31768],[0.05499,3.3074],[0.05231,3.29832],[0.04127,3.28776],[0.03691,3.28143],[0.03675,3.27163],[0.0487,3.26374],[0.06148,3.2626],[0.06502,3.2591],[0.06818,3.24726],[0.0715,3.21426],[0.07687,3.19912]],[[-0.62203,-2.29616],[-0.60665,-2.30018],[-0.57162,-2.32366],[-0.56002,-2.33924],[-0.55034,-2.34758],[-0.52121,-2.34978],[-0.51546,-2.35301],[-0.50201,-2.36854],[-0.47028,-2.3768],[-0.44509,-2.39229],[-0.43537,-2.40406],[-0.42519,-2.43217],[-0.42448,-2.4363],[-0.4119,-2.4425],[-0.38867,-2.4456],[-0.37702,-2.45791],[-0.34481,-2.51172],[-0.35017,-2.52804],[-0.34976,-2.54145],[-0.34403,-2.55278],[-0.33339,-2.56282],[-0.32416,-2.5749],[-0.31334,-2.62589],[-0.29928,-2.66277],[-0.27924,-2.694],[-0.23704,-2.739],[-0.21217,-2.75681],[-0.18776,-2.76344]],[[-0.72567,-2.33997],[-0.70399,-2.33412],[-0.6388,-2.29756],[-0.62203,-2.29616]],[[-0.13222,-2.73794],[-0.06976,-2.75534],[-0.05579,-2.76988],[-0.04746,-2.79898]],[[-0.18776,-2.76344],[-0.16495,-2.75709],[-0.13222,-2.73794]],[[-1.04206,-2.56546],[-1.0505,-2.5692],[-1.06634,-2.58092],[-1.07471,-2.58364]],[[-1.07471,-2.58364],[-1.07969,-2.58237],[-1.08923,-2.57645],[-1.09404,-2.57546]],[[-1.09404,-2.57546],[-1.10117,-2.57885],[-1.11705,-2.59948],[-1.1262,-2.60334]],[[-1.1262,-2.60334],[-1.13535,-2.60297],[-1.15383,-2.59761],[-1.1741,-2.59718]],[[-1.1741,-2.59718],[-1.22829,-2.62909],[-1.21374,-2.64227],[-1.19456,-2.65078],[-1.18643,-2.6594],[-1.26855,-2.70449],[-1.28632,-2.70465]],[[-1.28632,-2.70465],[-1.30185,-2.69124],[-1.31337,-2.67442],[-1.3264,-2.66198]],[[-1.3264,-2.66198],[-1.34644,-2.66172],[-1.37063,-2.67195]],[[-1.37063,-2.67195],[-1.40817,-2.66993]],[[-1.40817,-2.66993],[-1.47954,-2.68645]],[[-1.60987,-2.44126],[-1.6113,-2.4292],[-1.61431,-2.41863],[-1.61882,-2.41037],[-1.62495,-2.40348]],[[-1.56266,-2.55264],[-1.5857,-2.54863],[-1.60593,-2.53936],[-1.61517,-2.52525],[-1.60508,-2.52041],[-1.59588,-2.51329],[-1.5563,-2.46397],[-1.5494,-2.44809],[-1.54937,-2.43284],[-1.55617,-2.42193],[-1.56981,-2.41909]],[[-1.56981,-2.41909],[-1.60431,-2.43586],[-1.60987,-2.44126]],[[-1.47954,-2.68645],[-1.52038,-2.68426],[-1.51343,-2.66807],[-1.51185,-2.65694],[-1.52002,-2.62057],[-1.52193,-2.58208],[-1.5264,-2.56539],[-1.53393,-2.5531],[-1.54501,-2.55098]],[[-1.54501,-2.55098],[-1.56266,-2.55264]],[[-1.34585,-2.08586],[-1.33906,-2.09504],[-1.34045,-2.10898],[-1.34951,-2.13325],[-1.34871,-2.14769],[-1.34073,-2.16239],[-1.32803,-2.17496],[-1.27836,-2.20378],[-1.25451,-2.21061]],[[-1.38512,-2.09888],[-1.35917,-2.08681],[-1.34585,-2.08586]],[[-0.97289,-2.21591],[-0.9654,-2.21174],[-0.94273,-2.18486],[-0.88295,-2.15939],[-0.82663,-2.15767],[-0.80066,-2.14883]],[[-1.00993,-2.18579],[-0.99141,-2.18808],[-0.98764,-2.19314],[-0.97995,-2.21193],[-0.97289,-2.21591]],[[-1.04404,-2.25038],[-1.02883,-2.25011],[-1.01781,-2.2412],[-1.01815,-2.22689],[-1.02629,-2.20379],[-1.02255,-2.19055],[-1.00993,-2.18579]],[[-1.09423,-2.19961],[-1.08194,-2.20562],[-1.07236,-2.21288],[-1.06422,-2.22328],[-1.05625,-2.23875],[-1.04404,-2.25038]],[[-1.17386,-2.26152],[-1.12107,-2.23368],[-1.10574,-2.21974],[-1.09423,-2.19961]],[[-1.22936,-2.19935],[-1.21924,-2.21228],[-1.22189,-2.21963],[-1.22883,-2.23018],[-1.23334,-2.2404],[-1.22867,-2.24679],[-1.19153,-2.25995],[-1.17386,-2.26152]],[[-1.25451,-2.21061],[-1.24066,-2.20022],[-1.22936,-2.19935]],[[-0.73453,-2.31861],[-0.72567,-2.33997]],[[-0.80066,-2.14883],[-0.80891,-2.15899],[-0.8095,-2.17112],[-0.80819,-2.18389],[-0.81074,-2.19595],[-0.79416,-2.20627],[-0.73804,-2.21321],[-0.74406,-2.23949],[-0.77461,-2.25366],[-0.78363,-2.27634],[-0.77679,-2.29889],[-0.73682,-2.31311],[-0.73453,-2.31861]],[[2.00478,-3.05238],[2.02252,-3.04623],[1.97257,-2.98151],[1.96956,-2.97225],[1.96992,-2.96031],[1.97953,-2.92111],[1.97849,-2.90678],[1.97027,-2.89623],[1.95711,-2.8886],[1.94613,-2.87553],[1.94441,-2.84864],[1.96245,-2.81543],[2.02234,-2.79565],[2.03757,-2.7673],[2.02395,-2.76047],[2.00786,-2.73155],[1.99303,-2.72601]],[[1.96937,-3.05142],[2.00478,-3.05238]],[[1.96187,-3.14523],[1.95957,-3.13574],[1.95896,-3.12641],[1.96039,-3.11786],[1.9642,-3.11069],[1.96753,-3.09956],[1.96453,-3.08619],[1.95289,-3.0596],[1.96937,-3.05142]],[[1.95264,-3.27777],[1.95736,-3.24371],[1.96515,-3.22217],[1.97933,-3.20791],[2.00336,-3.19445],[2.0141,-3.17767],[2.00404,-3.15801],[1.98324,-3.14428]],[[1.98324,-3.14428],[1.96187,-3.14523]],[[2.62881,-2.64356],[2.63837,-2.66637],[2.65144,-2.67873],[2.68601,-2.68948],[2.71288,-2.69029],[2.71896,-2.69724],[2.73007,-2.7261],[2.73159,-2.73653],[2.72992,-2.7607],[2.73196,-2.76799],[2.73549,-2.77215],[2.78201,-2.81182],[2.79421,-2.81798]],[[2.81688,-2.81354],[2.82823,-2.81336],[2.83735,-2.82392],[2.83917,-2.83883],[2.83513,-2.85401],[2.82209,-2.88042],[2.81716,-2.90519],[2.82615,-2.92155],[2.85854,-2.9406]],[[2.79421,-2.81798],[2.80494,-2.81742],[2.81688,-2.81354]],[[1.40408,-2.0484],[1.41478,-2.04877],[1.42471,-2.05366],[1.45393,-2.08238],[1.45904,-2.08958],[1.46237,-2.09793],[1.46261,-2.10778],[1.45892,-2.11422],[1.44761,-2.12416],[1.4422,-2.13313],[1.43359,-2.15339],[1.427,-2.16083],[1.41905,-2.16409],[1.35918,-2.16571]],[[1.35918,-2.16571],[1.35264,-2.16199],[1.34863,-2.15516],[1.34702,-2.14641],[1.34768,-2.13691],[1.35216,-2.1224],[1.38632,-2.06129],[1.39431,-2.05303],[1.40408,-2.0484]],[[1.80154,-2.34353],[1.80081,-2.40176]],[[1.80406,-2.39788],[1.81215,-2.3982],[1.82615,-2.40349],[1.83107,-2.41436],[1.83118,-2.42848],[1.82804,-2.44302],[1.80799,-2.49521],[1.80803,-2.50693],[1.81496,-2.51763],[1.82445,-2.52121],[1.8474,-2.52058],[1.85834,-2.52687],[1.8656,-2.54123],[1.86845,-2.55836],[1.86612,-2.57301],[1.8403,-2.62518],[1.83905,-2.6458]],[[1.80081,-2.40176],[1.80406,-2.39788]],[[1.88519,-2.62695],[1.92449,-2.64847],[1.99288,-2.72595]],[[1.83905,-2.6458],[1.88519,-2.62695]],[[-2.90894,0.65365],[-2.88326,0.64292],[-2.82899,0.6026]],[[-2.93527,0.61795],[-2.92575,0.63377],[-2.90894,0.65365]],[[-2.96119,0.62529],[-2.93527,0.61795]],[[-3.03499,0.51797],[-3.02188,0.51946],[-2.98975,0.53886],[-2.98358,0.54617],[-2.97915,0.55545],[-2.97702,0.56708],[-2.97874,0.60518],[-2.97456,0.61689],[-2.96119,0.62529]],[[-3.06678,0.62151],[-3.05783,0.61987],[-3.05137,0.61155],[-3.04763,0.59558],[-3.05071,0.54084],[-3.04577,0.52544],[-3.03499,0.51797]],[[-3.11225,0.4488],[-3.09027,0.45589],[-3.08039,0.46721],[-3.07667,0.46947],[-3.08774,0.48836],[-3.09996,0.53384],[-3.10652,0.5818],[-3.10067,0.60818],[-3.06678,0.62151]],[[-3.40215,0.64169],[-3.38763,0.63057],[-3.34969,0.58033],[-3.32915,0.56113],[-3.25964,0.52198],[-3.22705,0.48018],[-3.21691,0.47442],[-3.18059,0.47196],[-3.11225,0.4488]],[[-2.82899,0.6026],[-2.78016,0.57777],[-2.75286,0.57236]],[[-2.72373,0.58807],[-2.71283,0.5805],[-2.70234,0.56951],[-2.6924,0.5665]],[[-2.75286,0.57236],[-2.72373,0.58807]],[[-1.52814,-0.3449],[-1.58247,-0.3378]],[[-1.58247,-0.3378],[-1.58945,-0.33936],[-1.59675,-0.34511],[-1.60867,-0.36089],[-1.63308,-0.38365],[-1.66584,-0.3909]],[[-1.66584,-0.3909],[-1.69797,-0.38205],[-1.72051,-0.35644],[-1.72645,-0.34565],[-1.73342,-0.33938],[-1.74197,-0.33775]],[[-1.74197,-0.33775],[-1.75263,-0.34087],[-1.75915,-0.34623],[-1.76499,-0.35474],[-1.77383,-0.37393],[-1.7555,-0.38978],[-1.76555,-0.41199],[-1.7763,-0.41664]],[[-1.88387,-0.40437],[-1.89782,-0.39977],[-1.92808,-0.37504],[-1.94469,-0.36897]],[[-1.7763,-0.41664],[-1.80325,-0.40605]],[[-1.80325,-0.40605],[-1.88387,-0.40437]],[[-2.04433,0.36554],[-2.03614,0.3733],[-2.03392,0.38791],[-2.03709,0.39621],[-2.05058,0.40953],[-2.06053,0.42755],[-2.07713,0.49362],[-2.07731,0.50279],[-2.07591,0.51046],[-2.07555,0.51779],[-2.07886,0.52597],[-2.08353,0.52993],[-2.09446,0.53274],[-2.09896,0.53632],[-2.10285,0.54463],[-2.10527,0.57286],[-2.11895,0.61]],[[-2.05556,0.36778],[-2.04433,0.36554]],[[-2.02763,-0.155],[-2.042,-0.14348],[-2.05401,-0.12523],[-2.05829,-0.10857],[-2.05607,-0.08865],[-2.05685,-0.08225],[-2.05968,-0.07589],[-2.07267,-0.06416],[-2.07967,-0.04835],[-2.07596,-0.01139],[-2.07759,0.00668],[-2.08034,0.01173],[-2.08738,0.01944],[-2.09001,0.02471],[-2.09115,0.0311],[-2.09113,0.03778],[-2.08921,0.05098],[-2.08605,0.05933],[-2.07028,0.07796],[-2.05105,0.12677],[-2.0491,0.13497],[-2.04918,0.14484],[-2.05231,0.1502],[-2.06868,0.15655],[-2.07327,0.16049],[-2.07696,0.166],[-2.0795,0.17299],[-2.08058,0.1896],[-2.07695,0.20611],[-2.07029,0.22118],[-2.05728,0.24166],[-2.04946,0.26375],[-2.04776,0.27428],[-2.04847,0.28358],[-2.0516,0.29024],[-2.06167,0.30054],[-2.06669,0.3104],[-2.06793,0.32348],[-2.06753,0.35053],[-2.06492,0.36709],[-2.05556,0.36778]],[[-1.94469,-0.36897],[-1.94639,-0.35806],[-1.94389,-0.34801],[-1.94015,-0.33824],[-1.93815,-0.32815],[-1.94166,-0.31355],[-1.95046,-0.30615],[-1.98849,-0.28847],[-1.99695,-0.28223],[-2.00276,-0.27375],[-2.00389,-0.26717],[-2.00333,-0.25961],[-1.99975,-0.2457],[-1.99331,-0.23191],[-1.96709,-0.19876],[-1.9569,-0.17947],[-1.95171,-0.15569],[-1.95452,-0.13367],[-1.96831,-0.1196],[-1.98204,-0.11867]],[[-1.98204,-0.11867],[-1.99494,-0.12533],[-2.00651,-0.13709],[-2.01625,-0.15146],[-2.02763,-0.155]],[[1.80413,1.98953],[1.81659,1.99393],[1.82683,2.00513],[1.83486,2.02432]],[[1.77196,1.99188],[1.80413,1.98953]],[[1.72626,1.96203],[1.73702,1.965],[1.77196,1.99188]],[[1.70575,1.9641],[1.72626,1.96203]],[[1.64775,1.9335],[1.66382,1.94006],[1.69643,1.96277],[1.70575,1.9641]],[[1.63164,1.94033],[1.64775,1.9335]],[[0.17239,0.98888],[0.16196,0.99058],[0.15566,0.99671],[0.14303,1.01383],[0.12923,1.01941],[0.0981,1.0231],[0.08605,1.0348],[0.0839,1.04329],[0.08311,1.06254],[0.08006,1.07023],[0.07392,1.07485],[0.06667,1.07634]],[[0.06667,1.07634],[-0.00378,1.06088]],[[-0.00378,1.06088],[-0.02076,1.06516]],[[0.54521,0.88667],[0.48494,0.91164],[0.43634,0.95631],[0.42305,0.96184],[0.40796,0.96179],[0.39745,0.96452],[0.39192,0.97505],[0.38741,0.98828],[0.37997,0.99915],[0.35878,1.01932],[0.33849,1.05269],[0.33236,1.05857]],[[0.33236,1.05857],[0.33411,1.02527],[0.3302,0.99253]],[[0.3302,0.99253],[0.2809,1.00725]],[[0.2809,1.00725],[0.2646,1.00492],[0.24357,0.98432],[0.23399,0.9788]],[[0.23399,0.9788],[0.22484,0.97956],[0.19671,0.99938]],[[0.19671,0.99938],[0.19247,0.99884],[0.17239,0.98888]],[[0.59935,0.86879],[0.589,0.87525],[0.58818,0.88721],[0.59408,0.90699],[0.59415,0.91825],[0.59103,0.92724],[0.58634,0.93245],[0.58048,0.9338]],[[0.58048,0.9338],[0.57386,0.93121],[0.56791,0.92512],[0.56448,0.91744],[0.55995,0.89913],[0.55618,0.8912],[0.55111,0.88728],[0.54521,0.88667]],[[0.67911,0.81476],[0.66287,0.82905],[0.65457,0.87783],[0.6442,0.89491]],[[0.6442,0.89491],[0.59935,0.86879]],[[0.75027,0.84257],[0.71991,0.84453]],[[0.71991,0.84453],[0.71087,0.84225],[0.70261,0.834],[0.6974,0.82358],[0.69098,0.81563],[0.67911,0.81476]],[[0.86438,1.4281],[0.85285,1.39136],[0.84912,1.37158],[0.84842,1.34765]],[[0.87297,1.35062],[0.87881,1.34935],[0.88229,1.34581],[0.89963,1.29667],[0.90229,1.27929],[0.89523,1.26501],[0.84743,1.23782],[0.84605,1.21988],[0.84699,1.19155],[0.84317,1.16993],[0.83917,1.15978],[0.82245,1.13599],[0.81128,1.10328],[0.77258,1.0284],[0.76136,1.02032],[0.75625,1.00777],[0.75611,0.95881],[0.74675,0.94351],[0.73406,0.93797],[0.72802,0.93362],[0.72338,0.92731],[0.72131,0.91781],[0.72287,0.90822],[0.73264,0.88306],[0.73603,0.88112],[0.73984,0.88048],[0.74418,0.87768],[0.74716,0.87114],[0.75027,0.84257]],[[0.84842,1.34765],[0.85399,1.34978],[0.87297,1.35062]],[[2.58335,1.10779],[2.57062,1.12241]],[[2.66652,0.99124],[2.66144,1.01269],[2.64681,1.05035],[2.64581,1.05992],[2.65116,1.08459],[2.64766,1.0975],[2.63976,1.10759],[2.62965,1.11419],[2.61422,1.1143]],[[2.61422,1.1143],[2.59834,1.10863],[2.58335,1.10779]],[[2.57062,1.12241],[2.57255,1.13599],[2.57195,1.13929],[2.57043,1.14236],[2.56391,1.14972],[2.5599,1.15606],[2.55695,1.16301],[2.55513,1.17068],[2.55401,1.2028],[2.55231,1.21356],[2.53224,1.2714],[2.53065,1.28025],[2.5333,1.31045],[2.54519,1.33807],[2.57749,1.38378]],[[-0.66174,2.05812],[-0.65149,2.06364],[-0.64333,2.07844],[-0.63837,2.09678],[-0.63771,2.11295],[-0.64312,2.15182],[-0.64075,2.16891],[-0.63098,2.18583],[-0.62374,2.19103],[-0.60862,2.19295],[-0.60147,2.19638],[-0.59552,2.20639],[-0.58962,2.23491],[-0.58476,2.24748],[-0.57874,2.25429],[-0.52237,2.27322],[-0.51059,2.27362]],[[-0.68512,2.05927],[-0.66174,2.05812]],[[-0.7179,1.94511],[-0.717,1.96194],[-0.69687,2.049],[-0.69193,2.05702],[-0.68512,2.05927]],[[-0.28317,2.18794],[-0.28046,2.16931],[-0.29097,2.15567],[-0.30558,2.14268],[-0.31508,2.126],[-0.31724,2.07629],[-0.32127,2.05482],[-0.33407,2.01314],[-0.3343,1.99093],[-0.33153,1.97314],[-0.33034,1.93788],[-0.32867,1.92974],[-0.3149,1.91741],[-0.32195,1.90698],[-0.34175,1.89371],[-0.40392,1.82523],[-0.4053,1.82181],[-0.40581,1.81115]],[[-0.46081,2.22728],[-0.46907,2.22843],[-0.48373,2.25253],[-0.50202,2.26277],[-0.51059,2.27362]],[[-0.44863,2.24574],[-0.45322,2.2335],[-0.46081,2.22728]],[[-0.51059,2.27362],[-0.55012,2.31569],[-0.55874,2.33942],[-0.5589,2.38072]],[[-0.49135,2.33574],[-0.44065,2.31395]],[[-0.41054,2.39764],[-0.40073,2.39338],[-0.38596,2.37281],[-0.37621,2.36529],[-0.34706,2.35524]],[[-0.48299,2.39819],[-0.41054,2.39764]],[[-0.29368,2.50521],[-0.28641,2.50266],[-0.2798,2.49603],[-0.27687,2.48681],[-0.28064,2.47648],[-0.28262,2.46599],[-0.26833,2.42902],[-0.26835,2.41425],[-0.27162,2.39791],[-0.28158,2.36918],[-0.28271,2.3537],[-0.27101,2.31998],[-0.26892,2.30315]],[[-0.40394,2.21828],[-0.41589,2.22129],[-0.43579,2.23974],[-0.44863,2.24574]],[[-0.29446,2.18557],[-0.30337,2.18998],[-0.31059,2.1997],[-0.32483,2.2266],[-0.33389,2.22996]],[[-0.33389,2.22996],[-0.40394,2.21828]],[[-0.28317,2.18794],[-0.29446,2.18557]],[[-0.44863,2.24574],[-0.45132,2.25845],[-0.44955,2.27992],[-0.44534,2.30135],[-0.44065,2.31395]],[[-0.36718,2.3121],[-0.35798,2.31749],[-0.35264,2.33152],[-0.34706,2.35524]],[[-0.44065,2.31395],[-0.36718,2.3121]],[[-0.34706,2.35524],[-0.34657,2.35735]],[[-0.34692,2.35519],[-0.31969,2.34583],[-0.29369,2.32831],[-0.26892,2.30315]],[[-0.26892,2.30315],[-0.26487,2.24406],[-0.26842,2.2256],[-0.27382,2.21603],[-0.2796,2.20921],[-0.28347,2.20117],[-0.28317,2.18794]],[[-0.27343,2.57972],[-0.28094,2.56279],[-0.28485,2.5249],[-0.29368,2.50521]],[[-0.29368,2.50521],[-0.31225,2.49401],[-0.34631,2.45844],[-0.36762,2.45144]],[[-0.36762,2.45144],[-0.42993,2.46876]],[[-0.42993,2.46876],[-0.44809,2.45475]],[[-1.76329,2.95868],[-1.76271,2.9554],[-1.75845,2.91654],[-1.75944,2.88763],[-1.75773,2.87271],[-1.75776,2.8629],[-1.76003,2.84696],[-1.76045,2.83709],[-1.75239,2.81811],[-1.74796,2.81153],[-1.74219,2.80793],[-1.72865,2.80614],[-1.7222,2.80385],[-1.71624,2.79736],[-1.71524,2.79119],[-1.71827,2.78509],[-1.72402,2.78058],[-1.73044,2.77719],[-1.73988,2.77418],[-1.74166,2.77256],[-1.74257,2.76942],[-1.74326,2.76136],[-1.74116,2.75417],[-1.73806,2.7471],[-1.73377,2.74143],[-1.7276,2.73699],[-1.72051,2.73041],[-1.7124,2.7177],[-1.70603,2.69216],[-1.70059,2.67815],[-1.69051,2.65924],[-1.68962,2.65235],[-1.69258,2.64542],[-1.69672,2.63828],[-1.69988,2.62848],[-1.69897,2.61957],[-1.69621,2.60958],[-1.69561,2.60265],[-1.69646,2.59849],[-1.69935,2.59565],[-1.70425,2.59488]],[[-1.70425,2.59488],[-1.71569,2.59714]],[[-1.71569,2.59714],[-1.72071,2.59584],[-1.72391,2.58861],[-1.72356,2.58112],[-1.72155,2.57373],[-1.71829,2.5674],[-1.71381,2.56165],[-1.6962,2.54726],[-1.6906,2.53828],[-1.68838,2.53117],[-1.68796,2.5254],[-1.68812,2.52314],[-1.68961,2.51534],[-1.69095,2.50218],[-1.69152,2.48785],[-1.69265,2.48156],[-1.69458,2.47556],[-1.69918,2.4686]],[[-0.84983,3.18845],[-0.85565,3.18942],[-0.85652,3.19751],[-0.85229,3.21],[-0.82957,3.24536],[-0.82382,3.25246],[-0.81207,3.2589],[-0.80655,3.26516]],[[-0.82925,3.00347],[-0.83338,3.0039],[-0.83792,3.01037],[-0.83986,3.02154],[-0.84183,3.05568],[-0.84407,3.06778],[-0.84713,3.0779],[-0.84895,3.10821],[-0.84833,3.12744],[-0.85112,3.1344],[-0.85437,3.1401],[-0.85627,3.14563],[-0.85185,3.15144],[-0.83863,3.15823],[-0.83117,3.16443],[-0.82365,3.17667],[-0.82059,3.18524],[-0.82397,3.1937],[-0.82959,3.19451]],[[-0.82959,3.19451],[-0.83644,3.19279],[-0.84337,3.18996],[-0.84983,3.18845]],[[-0.83598,2.91161],[-0.83671,2.92441],[-0.83347,2.93637],[-0.82696,2.95138],[-0.8224,2.96493],[-0.81991,2.96949],[-0.81837,2.97114],[-0.81604,2.97156],[-0.81187,2.97317],[-0.80651,2.97799],[-0.80219,2.98984],[-0.80103,2.99867],[-0.80603,3.00836],[-0.81241,3.0094]],[[-0.81241,3.0094],[-0.8191,3.0078],[-0.82499,3.00464],[-0.82925,3.00347]],[[-2.94276,2.04119],[-2.95239,2.04455],[-2.95856,2.05092],[-2.96333,2.05708],[-2.97939,2.06966],[-2.98418,2.07546],[-3.00205,2.11233],[-3.0069,2.12648],[-3.0083,2.13382],[-3.00951,2.14548],[-3.01086,2.15126],[-3.01362,2.15641],[-3.01675,2.16839],[-3.02619,2.18919],[-3.03096,2.2033],[-3.03249,2.20996],[-3.03325,2.21501],[-3.0353,2.22329],[-3.03593,2.2253]],[[-2.7059,2.06416],[-2.7227,2.07303],[-2.73257,2.08267],[-2.79917,2.10558],[-2.81567,2.10824]],[[-2.81567,2.10824],[-2.82761,2.10736],[-2.83331,2.10168],[-2.84315,2.08785],[-2.84837,2.08195],[-2.85401,2.07744],[-2.85982,2.07451],[-2.87615,2.06954],[-2.88282,2.06559],[-2.89718,2.05296],[-2.908,2.04672],[-2.92728,2.04064],[-2.94276,2.04119]],[[-0.89906,3.87279],[-0.89342,3.869],[-0.87653,3.8475],[-0.87046,3.84308],[-0.86207,3.83857],[-0.85275,3.83715]],[[-0.77923,3.85545],[-0.76574,3.85473],[-0.75561,3.85246],[-0.74374,3.84307],[-0.73887,3.83738],[-0.73023,3.82407],[-0.72386,3.81748],[-0.71298,3.81108]],[[-0.85275,3.83715],[-0.84488,3.83798],[-0.80541,3.85256],[-0.77923,3.85545]],[[-0.67979,3.82574],[-0.67357,3.8219],[-0.67127,3.81658],[-0.67412,3.8104],[-0.67917,3.80489],[-0.68243,3.79895],[-0.68191,3.79321],[-0.62325,3.76053],[-0.6118,3.75226],[-0.60521,3.74447],[-0.6046,3.73804],[-0.60458,3.7312],[-0.6022,3.72282],[-0.59742,3.71445],[-0.5873,3.7037],[-0.57944,3.6999],[-0.56959,3.69876]],[[-0.71298,3.81108],[-0.70563,3.81129],[-0.70022,3.81508],[-0.69607,3.82044],[-0.69075,3.82455],[-0.67979,3.82574]],[[-0.43298,3.73445],[-0.42803,3.73204],[-0.4235,3.72615],[-0.41958,3.71845],[-0.41408,3.71061],[-0.40802,3.70827]],[[-0.49512,3.70428],[-0.48763,3.70495],[-0.47113,3.71127],[-0.45669,3.71222],[-0.4483,3.71441],[-0.44299,3.71828],[-0.44083,3.72689],[-0.4391,3.73151],[-0.43298,3.73445]],[[-0.38769,3.7217],[-0.37846,3.71864],[-0.34928,3.70229],[-0.34226,3.69466],[-0.34172,3.68777],[-0.34664,3.68223],[-0.35434,3.67652],[-0.37557,3.66445],[-0.3894,3.65336],[-0.39756,3.64265],[-0.4004,3.63611],[-0.40198,3.62994],[-0.40253,3.62338],[-0.40228,3.61709],[-0.40093,3.61073],[-0.39876,3.60396],[-0.39523,3.59728],[-0.38869,3.59009],[-0.38243,3.58787]],[[-0.40802,3.70827],[-0.40323,3.71083],[-0.39557,3.72006],[-0.38769,3.7217]],[[-0.50546,3.70535],[-0.49512,3.70428]],[[-0.56959,3.69876],[-0.53003,3.70057],[-0.51356,3.70473],[-0.50546,3.70535]],[[-0.28933,3.62772],[-0.27835,3.62743],[-0.2737,3.62273],[-0.27383,3.61732],[-0.27626,3.6112],[-0.27799,3.60537],[-0.27483,3.59921],[-0.26707,3.59602],[-0.23902,3.59068],[-0.22528,3.58504],[-0.2158,3.57941],[-0.20805,3.57295],[-0.20376,3.57113],[-0.19887,3.57098]],[[-0.31883,3.61634],[-0.30947,3.61691],[-0.30286,3.62011],[-0.29704,3.62498],[-0.28933,3.62772]],[[-0.18612,3.62152],[-0.18031,3.61892],[-0.17465,3.61392],[-0.1653,3.60179],[-0.15866,3.59135],[-0.15263,3.57748],[-0.15134,3.57105],[-0.15196,3.56491],[-0.15466,3.55898],[-0.16339,3.54695],[-0.1657,3.54066],[-0.16274,3.53306],[-0.15715,3.53088]],[[-0.19887,3.57098],[-0.19487,3.57406],[-0.19386,3.57722],[-0.19414,3.58167],[-0.19562,3.58745],[-0.19536,3.6002],[-0.19465,3.60684],[-0.19353,3.61344],[-0.19091,3.6189],[-0.18612,3.62152]],[[-0.33359,3.6212],[-0.31883,3.61634]],[[-0.38243,3.58787],[-0.37662,3.58986],[-0.37299,3.59499],[-0.36781,3.60724],[-0.36469,3.61315],[-0.35863,3.61859],[-0.34855,3.6213],[-0.33359,3.6212]],[[0.00728,3.5692],[0.01478,3.56766],[0.02047,3.56528],[0.05684,3.54274]],[[-0.09021,3.51086],[-0.08492,3.51136],[-0.07167,3.52233],[-0.06039,3.52707],[-0.03539,3.52789],[-0.0228,3.5308],[-0.0187,3.53507],[-0.0163,3.54039],[-0.01551,3.54581],[-0.01699,3.56048],[-0.01371,3.56528],[-0.00672,3.5692],[0.00728,3.5692]],[[-0.10788,3.56382],[-0.1028,3.56167],[-0.09951,3.55678],[-0.09703,3.55023],[-0.09594,3.54357],[-0.09586,3.53645],[-0.09686,3.52875],[-0.09739,3.52134],[-0.09511,3.51339],[-0.09021,3.51086]],[[-0.15715,3.53088],[-0.15056,3.53138],[-0.13731,3.54016],[-0.114,3.5612],[-0.10788,3.56382]],[[0.0204,0.29026],[0.01998,0.28067],[0.02051,0.27577],[0.02137,0.27137],[0.02253,0.26789],[0.0255,0.26212],[0.03533,0.24975],[0.04874,0.23862],[0.06193,0.23219],[0.06724,0.22797],[0.07034,0.22669],[0.074,0.22628]],[[0.40928,0.24386],[0.4286,0.2404]],[[0.32321,0.15057],[0.33216,0.15151],[0.34002,0.15475],[0.36868,0.1735],[0.37782,0.17738],[0.38441,0.18232],[0.38701,0.19265],[0.38759,0.20044],[0.38956,0.20721],[0.39794,0.21181],[0.40406,0.21683],[0.40729,0.2257],[0.40723,0.23333],[0.40804,0.23968],[0.40928,0.24386]],[[0.08069,0.22825],[0.08898,0.228],[0.10111,0.22421],[0.10921,0.21821],[0.12737,0.19596],[0.13303,0.19031],[0.14019,0.18701],[0.14827,0.18694]],[[0.074,0.22628],[0.08069,0.22825]],[[0.27972,0.21158],[0.29753,0.20611],[0.3015,0.20046],[0.30619,0.18754],[0.31037,0.18144],[0.3138,0.17521],[0.3148,0.16909],[0.31408,0.16282],[0.31382,0.15679],[0.3165,0.15204],[0.32321,0.15057]],[[0.2461,0.18477],[0.25289,0.18639],[0.2601,0.19267],[0.26796,0.20544],[0.27261,0.20982],[0.27972,0.21158]],[[0.18476,0.20236],[0.19596,0.2023],[0.21481,0.19897],[0.22548,0.19435],[0.2397,0.18597],[0.2461,0.18477]],[[0.14827,0.18694],[0.17571,0.20084],[0.18476,0.20236]],[[0.4286,0.2404],[0.44586,0.20891],[0.44793,0.2026],[0.45016,0.19211],[0.45168,0.18738],[0.46062,0.17818],[0.46246,0.17546],[0.47042,0.16542],[0.47311,0.16344],[0.47664,0.16192],[0.47996,0.15886],[0.48278,0.15334],[0.4863,0.14179],[0.49789,0.12468],[0.50613,0.12068],[0.50872,0.11756],[0.5108,0.11229],[0.51277,0.09553],[0.51237,0.06986],[0.51155,0.06577],[0.50885,0.05884],[0.50855,0.05523],[0.50998,0.05161],[0.51524,0.04807],[0.52647,0.04427],[0.52821,0.04304],[0.53444,0.03727],[0.53739,0.0356],[0.54455,0.03392],[0.54787,0.03246],[0.55013,0.03037],[0.55229,0.02782],[0.55467,0.02588],[0.55777,0.02467]],[[0.56802,0.02594],[0.57165,0.02583],[0.5749,0.02485],[0.57781,0.022],[0.58539,0.01228],[0.5957,0.00592],[0.59701,0.00438],[0.59982,4e-05],[0.6021,-0.00203],[0.6051,-0.00377],[0.62474,-0.00919],[0.64551,-0.01204],[0.65241,-0.01474],[0.66071,-0.02063],[0.66985,-0.02521],[0.67158,-0.02637],[0.67332,-0.0289],[0.67477,-0.03309],[0.67581,-0.04068],[0.67622,-0.04745],[0.67725,-0.05226],[0.67878,-0.05585],[0.68055,-0.05923],[0.6823,-0.06378],[0.68257,-0.06831],[0.6821,-0.07301],[0.67582,-0.10066],[0.67578,-0.10737],[0.67649,-0.11236],[0.67791,-0.11523],[0.67967,-0.11795],[0.6811,-0.12091],[0.682,-0.12452],[0.68172,-0.12908],[0.68094,-0.13473],[0.681,-0.13916],[0.6818,-0.14277],[0.68312,-0.14626],[0.68499,-0.14963],[0.68749,-0.15336],[0.68968,-0.15584],[0.69098,-0.1577],[0.69186,-0.15986],[0.69202,-0.16289],[0.69163,-0.16599],[0.69091,-0.16887],[0.68296,-0.17595],[0.67629,-0.1832],[0.61319,-0.21982]],[[0.55777,0.02467],[0.56802,0.02594]],[[-2.03001,1.91571],[-2.03068,1.96659],[-2.03406,1.97457],[-2.03897,1.9825],[-2.04483,1.98386],[-2.05096,1.98436],[-2.06059,1.98946],[-2.07205,1.99985],[-2.09323,2.02727],[-2.09933,2.04088],[-2.1003,2.05212],[-2.09612,2.05923],[-2.09404,2.07021],[-2.09683,2.07737],[-2.1021,2.08279],[-2.14277,2.10061]],[[-2.14277,2.10061],[-2.14827,2.09757],[-2.15043,2.09256],[-2.14987,2.0854],[-2.14887,2.07887],[-2.15079,2.07265],[-2.15436,2.06665],[-2.16079,2.06216],[-2.1696,2.05861]],[[-2.1696,2.05861],[-2.1846,2.05962]],[[-2.1846,2.05962],[-2.19405,2.05779],[-2.20153,2.05416],[-2.2085,2.04519],[-2.21159,2.04021],[-2.21478,2.03614],[-2.22461,2.0347]],[[-2.22461,2.0347],[-2.26872,2.04882],[-2.30206,2.05321]],[[-2.30206,2.05321],[-2.31052,2.05282],[-2.31706,2.05148],[-2.3226,2.04829],[-2.34625,2.02449],[-2.35266,2.02006],[-2.35939,2.01706],[-2.41753,2.00602]],[[-2.52959,2.00785],[-2.53425,2.0113],[-2.5375,2.01686],[-2.54499,2.03686],[-2.55187,2.04997],[-2.56233,2.06004]],[[-2.41753,2.00602],[-2.42367,2.00816],[-2.42611,2.01329],[-2.42784,2.0194],[-2.43236,2.0248],[-2.43884,2.02559]],[[-2.43884,2.02559],[-2.47174,2.01846],[-2.47655,2.01601],[-2.47888,2.01064],[-2.4805,2.00455],[-2.48526,1.99907],[-2.49339,1.99626]],[[-2.49339,1.99626],[-2.49963,1.99831],[-2.50459,2.00319],[-2.50875,2.00881],[-2.51349,2.01291]],[[-2.51349,2.01291],[-2.51888,2.01265],[-2.52371,2.00994],[-2.52959,2.00785]],[[-2.85842,1.35444],[-2.92517,1.36954],[-2.93386,1.37363],[-2.94326,1.38092],[-2.94534,1.38769],[-2.94959,1.39604],[-2.95559,1.40045],[-2.96248,1.40332],[-2.97696,1.40573]],[[-2.97696,1.40573],[-2.99753,1.40513],[-3.00527,1.40144],[-3.01641,1.39113],[-3.08775,1.36238],[-3.1024,1.3527],[-3.10869,1.34718],[-3.11407,1.34124],[-3.11875,1.33493],[-3.12248,1.32846],[-3.13457,1.31924],[-3.1538,1.30929],[-3.23661,1.28814],[-3.24345,1.28845]],[[-3.24345,1.28845],[-3.25598,1.29164],[-3.27613,1.30102]],[[-3.27613,1.30102],[-3.32573,1.286],[-3.33995,1.27805]],[[-3.33995,1.27805],[-3.36304,1.28013]],[[-3.36304,1.28013],[-3.38399,1.27785],[-3.38898,1.27653],[-3.39189,1.27501],[-3.40237,1.26739],[-3.42422,1.25738],[-3.43038,1.2406]],[[0.67365,2.85816],[0.67939,2.86035],[0.68307,2.86527],[0.6859,2.87364],[0.68772,2.88053],[0.68819,2.90572]],[[0.58845,2.87842],[0.59665,2.87701],[0.60357,2.87406],[0.62226,2.86117],[0.62896,2.85981]],[[0.46052,2.64268],[0.46752,2.64377],[0.47435,2.64585],[0.481,2.65068],[0.48644,2.65726],[0.48919,2.66629],[0.48843,2.67187],[0.48586,2.67582],[0.47483,2.68214],[0.46947,2.68689],[0.46566,2.69291],[0.46175,2.69801],[0.45635,2.7001],[0.45057,2.70055],[0.44507,2.70178],[0.44209,2.70612],[0.44053,2.71196],[0.43915,2.71878],[0.43634,2.76147],[0.43524,2.76889],[0.43314,2.77665],[0.42604,2.79136],[0.42486,2.79862],[0.43655,2.80825],[0.45944,2.82057],[0.51434,2.83677],[0.55491,2.84272],[0.55986,2.84432],[0.56213,2.84913],[0.56194,2.85537],[0.56067,2.86192],[0.5606,2.86815],[0.56478,2.87364],[0.57284,2.87808],[0.58845,2.87842]],[[0.65001,2.86873],[0.65479,2.86812],[0.66706,2.85983],[0.67365,2.85816]],[[0.62896,2.85981],[0.63573,2.86107],[0.64233,2.86724],[0.65001,2.86873]],[[0.4323,2.64731],[0.46052,2.64268]],[[0.3969,2.52791],[0.39067,2.52936],[0.38587,2.53277],[0.3841,2.53728],[0.38346,2.5405],[0.38342,2.54539],[0.3837,2.55063],[0.38499,2.55623],[0.3945,2.56275],[0.39944,2.56723],[0.40573,2.57548],[0.41083,2.5864],[0.41281,2.59488],[0.41264,2.60238],[0.40947,2.61569],[0.40872,2.62242],[0.40908,2.62853],[0.41005,2.63437],[0.41266,2.63903],[0.41678,2.64267],[0.4255,2.64663],[0.4323,2.64731]],[[0.31504,2.34595],[0.32442,2.36715],[0.3314,2.38024],[0.33708,2.38858],[0.37786,2.42956],[0.3828,2.4378],[0.38559,2.44782],[0.38849,2.45512],[0.39588,2.46219],[0.40768,2.47033],[0.41511,2.48424],[0.42603,2.49549],[0.4322,2.49982],[0.43756,2.50528],[0.44079,2.51196],[0.44103,2.52078],[0.43698,2.52612],[0.43155,2.52937],[0.42513,2.53045],[0.4183,2.5305]],[[0.4183,2.5305],[0.3969,2.52791]],[[0.26283,1.90818],[0.27452,1.89857],[0.27695,1.88538],[0.27773,1.87693],[0.28027,1.86642],[0.28429,1.8632]],[[0.29597,1.86675],[0.30712,1.86495],[0.32783,1.85334],[0.33927,1.84445],[0.34798,1.83573],[0.39159,1.77828],[0.39986,1.76484],[0.40448,1.75512],[0.40504,1.74852],[0.40459,1.74104],[0.40524,1.7361],[0.4089,1.72096],[0.40915,1.71498],[0.40766,1.70899],[0.40394,1.70313],[0.39213,1.69159],[0.38876,1.68548],[0.3883,1.67865],[0.41275,1.6673],[0.4335,1.64942],[0.44484,1.64209],[0.45422,1.64047]],[[0.28429,1.8632],[0.29597,1.86675]],[[0.4791,1.66078],[0.48974,1.65579],[0.49498,1.64935],[0.49743,1.64189],[0.49938,1.63453],[0.50276,1.62683],[0.51206,1.61852],[0.52365,1.60326],[0.57205,1.52171],[0.57513,1.51499],[0.57539,1.50955],[0.57095,1.50607],[0.55976,1.50382],[0.55635,1.50065],[0.55574,1.49815],[0.55725,1.4934],[0.56201,1.48942],[0.57548,1.48241],[0.58181,1.48227]],[[0.45422,1.64047],[0.46609,1.64428],[0.46874,1.64871],[0.47004,1.65433],[0.47301,1.65894],[0.4791,1.66078]],[[0.59434,1.4871],[0.60206,1.48644],[0.60534,1.48206],[0.60707,1.4762],[0.60574,1.45569],[0.60636,1.44814],[0.60979,1.43931],[0.61463,1.43411],[0.62058,1.43134],[0.63864,1.42903]],[[0.58181,1.48227],[0.59434,1.4871]],[[0.81656,1.47541],[0.82024,1.47147],[0.83024,1.45301],[0.84213,1.43801],[0.85023,1.43148],[0.85644,1.42788]],[[0.80687,1.44205],[0.81057,1.44492],[0.81226,1.45017],[0.81249,1.45643],[0.81186,1.4626],[0.81177,1.46868],[0.81285,1.47324],[0.81656,1.47541]],[[0.77896,1.45656],[0.78816,1.4558],[0.79468,1.45095],[0.80165,1.44404],[0.80687,1.44205]],[[0.74977,1.43427],[0.7563,1.43532],[0.76188,1.43767],[0.76545,1.44221],[0.76838,1.44778],[0.77258,1.45299],[0.77896,1.45656]],[[0.71626,1.43982],[0.7222,1.43885],[0.73547,1.43436],[0.74977,1.43427]],[[0.69034,1.42359],[0.69615,1.42403],[0.70162,1.42784],[0.71057,1.43768],[0.71626,1.43982]],[[0.6645,1.43224],[0.6697,1.43168],[0.6737,1.43065],[0.68449,1.42548],[0.69034,1.42359]],[[0.63864,1.42903],[0.6645,1.43224]],[[0.85644,1.42788],[0.86438,1.4281]],[[1.62832,1.85134],[1.62302,1.85244],[1.61882,1.85816],[1.61685,1.86824],[1.61555,1.88721],[1.61245,1.89388],[1.61101,1.90069],[1.612,1.90862],[1.62458,1.92525],[1.63164,1.94033]],[[1.72822,1.80628],[1.72187,1.80798],[1.71348,1.81661],[1.70345,1.8298],[1.68666,1.85694],[1.67683,1.8672],[1.66918,1.8731],[1.65489,1.8744]],[[1.65489,1.8744],[1.64893,1.87359],[1.64304,1.8706],[1.63989,1.86578],[1.63703,1.86017],[1.63368,1.855],[1.62832,1.85134]],[[1.88559,1.48748],[1.87984,1.48846],[1.87548,1.49416],[1.87364,1.50352],[1.8736,1.5111],[1.87479,1.531],[1.87369,1.53839],[1.87082,1.54542],[1.86664,1.55207],[1.85882,1.55885],[1.85152,1.56238],[1.84438,1.56467],[1.83707,1.56861],[1.82851,1.57484],[1.81716,1.58769],[1.79324,1.60968],[1.78062,1.61781],[1.77726,1.62187],[1.77792,1.62714],[1.78083,1.63266],[1.78341,1.63952],[1.78372,1.64865],[1.79584,1.6746],[1.7971,1.67995],[1.79776,1.68503],[1.79796,1.69435],[1.79858,1.7007],[1.80072,1.7075],[1.80508,1.71325],[1.8154,1.72344],[1.81453,1.73055],[1.81,1.73871],[1.79699,1.75012],[1.77474,1.76459],[1.77024,1.76887],[1.76843,1.77352],[1.76784,1.77566],[1.76884,1.78614],[1.76826,1.7912],[1.7673,1.79484],[1.76562,1.79844],[1.76283,1.80165],[1.75761,1.80623],[1.749,1.80919],[1.74166,1.80925]],[[1.74166,1.80925],[1.72822,1.80628]],[[1.93939,1.46491],[1.90963,1.49876]],[[1.90963,1.49876],[1.89576,1.49677],[1.89128,1.49119],[1.88559,1.48748]],[[0.26863,-1.5387],[0.27396,-1.54197],[0.27672,-1.54701],[0.27943,-1.5603],[0.28569,-1.5806],[0.32663,-1.65825],[0.33991,-1.6731],[0.34997,-1.67865]],[[0.26193,-1.54128],[0.26863,-1.5387]],[[0.44374,-1.61755],[0.45651,-1.61975],[0.46415,-1.62458],[0.46915,-1.63124],[0.47019,-1.63767],[0.4688,-1.64371],[0.46567,-1.64985],[0.46374,-1.65536],[0.46511,-1.66037],[0.46953,-1.66294],[0.50869,-1.66868],[0.51745,-1.67245],[0.524,-1.67712],[0.5437,-1.69834],[0.56507,-1.71664],[0.5746,-1.72174],[0.58521,-1.72503],[0.58942,-1.72767],[0.5938,-1.73241],[0.59858,-1.73535],[0.60278,-1.73727],[0.62014,-1.74126]],[[0.34997,-1.67865],[0.35976,-1.6725],[0.36625,-1.66981],[0.37372,-1.66806],[0.39785,-1.66683],[0.40433,-1.6652],[0.4107,-1.66125],[0.41462,-1.65574],[0.41699,-1.64912],[0.41765,-1.6352],[0.4186,-1.62886],[0.42186,-1.62334],[0.42732,-1.61956],[0.43482,-1.61766],[0.44374,-1.61755]],[[1.59314,-0.02123],[1.60744,-0.0127],[1.65625,0.00021],[1.66249,0.00401],[1.66778,0.00933],[1.67032,0.01668],[1.66976,0.02455],[1.66363,0.03303],[1.65728,0.03815],[1.63828,0.04711],[1.63467,0.04974],[1.63125,0.05353],[1.62759,0.06123],[1.62496,0.07075],[1.62457,0.08374],[1.62612,0.09291],[1.62941,0.10049],[1.63395,0.1056],[1.64593,0.11192],[1.65157,0.11581],[1.65495,0.12158],[1.65688,0.12825],[1.65759,0.13667],[1.65885,0.14373],[1.66154,0.15026],[1.66496,0.15676],[1.66554,0.169],[1.66243,0.18709],[1.64704,0.23988],[1.64232,0.25164],[1.62924,0.26214],[1.62544,0.26851],[1.62688,0.27674],[1.63438,0.28937],[1.63557,0.29549],[1.63336,0.30177],[1.62604,0.30867],[1.61899,0.31315],[1.61321,0.31826],[1.60941,0.32433],[1.60968,0.33294],[1.61332,0.33918],[1.61936,0.34369],[1.62693,0.34609],[1.6686,0.35308],[1.67431,0.35743],[1.67814,0.36379],[1.68082,0.37017],[1.68275,0.37622],[1.68225,0.38162],[1.67257,0.38573],[1.65802,0.38969],[1.65216,0.39415],[1.64567,0.40179],[1.63802,0.40734],[1.6283,0.40962],[1.61979,0.4105],[1.60797,0.41561],[1.59321,0.4257],[1.55427,0.4656],[1.53628,0.50173]],[[1.73691,1.18259],[1.74387,1.18379],[1.8078,1.20863],[1.81414,1.2139],[1.81963,1.22147],[1.8214,1.23396],[1.82057,1.24301],[1.81849,1.25176],[1.81826,1.26161],[1.81964,1.27327],[1.82325,1.29253],[1.82184,1.30363],[1.81564,1.32013],[1.81823,1.32932],[1.82564,1.34137],[1.89444,1.39424],[1.90217,1.40226],[1.91445,1.42572],[1.91975,1.43272],[1.92773,1.43689],[1.93442,1.43857],[1.94047,1.44142],[1.94318,1.44689],[1.94394,1.45176],[1.93939,1.46491]],[[1.67366,1.20594],[1.68558,1.20591],[1.72245,1.18542],[1.72985,1.18314],[1.73691,1.18259]],[[1.60261,1.12942],[1.62265,1.18079],[1.62661,1.18788],[1.63157,1.19341],[1.64005,1.19674],[1.64682,1.19726],[1.66254,1.20065],[1.67366,1.20594]],[[2.19198,1.4741],[2.17541,1.47367],[2.16492,1.4782],[2.15466,1.4849],[2.14264,1.48838],[2.13589,1.49265],[2.13287,1.49785],[2.13353,1.50995],[2.13264,1.51642],[2.12839,1.52383],[2.12144,1.53129],[2.10768,1.54023],[2.0756,1.54604]],[[2.0756,1.54604],[2.06485,1.54433],[2.05675,1.54097],[2.05213,1.53663],[2.04501,1.52718],[2.03348,1.50839],[2.02828,1.50287],[2.01203,1.49136],[2.00467,1.48262],[1.99964,1.4782],[1.99215,1.47513]],[[1.99215,1.47513],[1.98845,1.47845],[1.98752,1.48399],[1.98968,1.49692],[1.98901,1.5034],[1.98797,1.50901],[1.98456,1.51318],[1.98007,1.51337]],[[1.98007,1.51337],[1.97583,1.50994],[1.97228,1.50478],[1.96183,1.48114],[1.95938,1.4771],[1.95216,1.4699],[1.93939,1.46491]],[[2.37385,1.44996],[2.36078,1.45024],[2.3528,1.45158],[2.34741,1.4535],[2.28771,1.48844],[2.26138,1.49805]],[[2.26138,1.49805],[2.22728,1.49405],[2.2153,1.48952],[2.20787,1.48224],[2.20142,1.47738],[2.19198,1.4741]],[[2.57749,1.38378],[2.52565,1.41956],[2.51105,1.43246],[2.50216,1.43741],[2.48076,1.44488],[2.47276,1.45012],[2.466,1.45673],[2.45195,1.47453],[2.4389,1.48799],[2.43024,1.49286],[2.42294,1.4935]],[[2.42294,1.4935],[2.41812,1.48941],[2.41483,1.484],[2.40917,1.4712],[2.40497,1.46487],[2.39947,1.4592],[2.39238,1.45485],[2.38377,1.45165],[2.37385,1.44996]],[[2.59983,1.37971],[2.58148,1.38103],[2.57749,1.38378]],[[2.68862,2.62987],[2.69887,2.62658],[2.70343,2.62135],[2.70661,2.61506],[2.71412,2.58648],[2.71749,2.58074],[2.72307,2.57592],[2.73012,2.57203],[2.75708,2.56601],[2.78303,2.55645],[2.81003,2.55068],[2.81606,2.54847],[2.82086,2.54461],[2.82333,2.53885],[2.8251,2.53244],[2.8287,2.52644],[2.83425,2.52214],[2.84119,2.51916],[2.85553,2.51655]],[[2.71194,2.35467],[2.70665,2.35783],[2.7035,2.36321],[2.69907,2.37556],[2.69572,2.38106],[2.6909,2.38448],[2.68636,2.38877],[2.686,2.3958],[2.68915,2.40427],[2.69926,2.41735],[2.69875,2.42288],[2.6947,2.42609],[2.68199,2.42802],[2.64409,2.44436],[2.63343,2.45084],[2.62915,2.45455],[2.62419,2.45967],[2.6205,2.46573],[2.61815,2.47197],[2.61723,2.47817],[2.61773,2.48434],[2.61904,2.49079],[2.62155,2.4977],[2.62537,2.50492],[2.6312,2.51295],[2.65403,2.53439],[2.65742,2.53998],[2.65834,2.54403],[2.65832,2.54852],[2.65805,2.55372],[2.65821,2.55848],[2.65866,2.5615],[2.65899,2.56294],[2.66371,2.57441],[2.66768,2.58076],[2.67733,2.59309],[2.68049,2.59903],[2.68059,2.60498],[2.67636,2.61767],[2.67667,2.62373],[2.68153,2.62837],[2.68862,2.62987]],[[2.99571,2.51902],[3.00184,2.52107],[3.00741,2.52543],[3.01227,2.53325],[3.01739,2.54349],[3.02963,2.57926],[3.04928,2.62046]],[[2.9459,2.53719],[2.95253,2.53744],[2.95875,2.5358],[2.96507,2.5327],[2.98346,2.52084],[2.98951,2.51868],[2.99571,2.51902]],[[2.85553,2.51655],[2.8766,2.51874],[2.9459,2.53719]],[[2.71096,2.08915],[2.71692,2.09525],[2.77956,2.10283],[2.78499,2.10621],[2.789,2.11758],[2.79221,2.12312],[2.81766,2.13975],[2.82356,2.14742],[2.82813,2.15609],[2.83193,2.16936],[2.83625,2.19403],[2.84269,2.21751],[2.84405,2.22834],[2.84005,2.23385],[2.83442,2.23726],[2.8277,2.23989],[2.82226,2.24355],[2.8193,2.24904],[2.81901,2.25621],[2.82355,2.2674],[2.83348,2.28276],[2.84794,2.31366],[2.84971,2.32063],[2.84995,2.32376],[2.84998,2.32886],[2.84917,2.33237],[2.84724,2.33761],[2.84405,2.34294],[2.83998,2.34788],[2.80044,2.38861],[2.79455,2.39149],[2.78322,2.39471],[2.77921,2.39894],[2.77812,2.40409],[2.7778,2.41002],[2.77677,2.41577],[2.77447,2.42052],[2.77006,2.42277]],[[2.77006,2.42277],[2.7652,2.42102],[2.76202,2.41552],[2.76074,2.40673],[2.76105,2.3991],[2.75811,2.3926],[2.75273,2.38798],[2.74446,2.38558],[2.73957,2.3831],[2.73424,2.37941],[2.72736,2.36531],[2.72378,2.35934],[2.71795,2.35529],[2.71194,2.35467]],[[2.59983,1.37971],[2.60148,1.36306],[2.60529,1.35783],[2.61047,1.3523],[2.70802,1.30186],[2.71944,1.29183],[2.72691,1.28276],[2.73098,1.27051],[2.73446,1.24784],[2.7347,1.24109],[2.73453,1.23406],[2.73362,1.22746],[2.73199,1.22056],[2.72951,1.21361],[2.7263,1.20669],[2.7156,1.19029],[2.71393,1.18608],[2.71326,1.18057],[2.7144,1.17262],[2.7186,1.16636],[2.72425,1.16306],[2.73052,1.16325]],[[2.73707,1.16444],[2.74456,1.16348],[2.75314,1.15956],[2.79202,1.12041],[2.79837,1.11129],[2.80271,1.10331],[2.80431,1.09668],[2.80528,1.09048],[2.80549,1.08419],[2.80522,1.0794],[2.80296,1.07061],[2.80069,1.05916],[2.80063,1.05885]],[[2.73052,1.16325],[2.73707,1.16444]],[[1.03093,-1.25083],[1.04183,-1.26114],[1.04221,-1.26895],[1.04088,-1.27985],[1.03947,-1.28637],[1.03576,-1.29869],[1.02295,-1.3239],[1.02055,-1.33016],[1.0187,-1.33643],[1.01793,-1.34275],[1.0174,-1.35535],[1.01663,-1.36175],[1.01411,-1.36755],[1.01013,-1.37151]],[[1.01013,-1.37151],[1.00299,-1.37071],[0.99854,-1.36659],[0.99385,-1.36123],[0.98884,-1.35679],[0.98317,-1.35379],[0.97722,-1.3521]],[[0.97722,-1.3521],[0.97164,-1.3525],[0.96743,-1.35536],[0.96657,-1.36258],[0.96963,-1.36888],[0.97762,-1.381],[0.9775,-1.38666],[0.97279,-1.39336],[0.96372,-1.40021],[0.95548,-1.412],[0.95287,-1.41986],[0.95464,-1.42718],[0.96448,-1.43794],[0.96798,-1.44391],[0.96742,-1.44985],[0.96225,-1.45503],[0.9508,-1.45906],[0.93477,-1.46091],[0.92779,-1.46294],[0.92118,-1.46758],[0.91453,-1.47749],[0.91278,-1.48412],[0.91227,-1.48753],[0.91286,-1.48892],[0.91388,-1.49064],[0.91931,-1.50107],[0.92052,-1.5084],[0.91822,-1.51447],[0.9086,-1.52016],[0.88689,-1.52897]],[[0.88689,-1.52897],[0.87235,-1.52564]],[[0.87235,-1.52564],[0.86648,-1.52594],[0.86095,-1.53058],[0.85813,-1.53957],[0.85483,-1.55411],[0.85252,-1.56079],[0.84593,-1.57512],[0.82939,-1.60356],[0.82454,-1.60969],[0.81833,-1.61459],[0.80859,-1.61748],[0.78801,-1.61937],[0.75874,-1.62698]],[[0.75874,-1.62698],[0.73831,-1.62458]],[[0.73831,-1.62458],[0.73184,-1.62585],[0.72628,-1.6301],[0.72235,-1.64092],[0.72113,-1.64862],[0.71946,-1.65513],[0.71333,-1.6585],[0.70935,-1.65985],[0.70363,-1.66059],[0.69137,-1.66579],[0.6851,-1.6669],[0.67885,-1.66888],[0.67285,-1.67334],[0.64225,-1.72431],[0.63811,-1.72966],[0.63541,-1.73397],[0.62014,-1.74126]],[[0.61319,-0.21982],[0.61927,-0.2327],[0.62165,-0.2432],[0.62198,-0.2451],[0.62199,-0.24659],[0.62001,-0.27043],[0.62021,-0.27698],[0.62166,-0.28258],[0.62589,-0.28681],[0.63195,-0.28986],[0.64832,-0.29439],[0.65525,-0.29786],[0.67318,-0.31316],[0.67903,-0.31696],[0.68721,-0.31855]],[[0.89332,-0.31918],[0.90091,-0.31782],[0.90937,-0.31506],[0.92045,-0.30954],[0.93816,-0.29436],[0.95819,-0.26617]],[[0.74496,-0.30063],[0.75723,-0.30278],[0.78554,-0.31172],[0.792,-0.31214]],[[0.68721,-0.31855],[0.69756,-0.31791],[0.73692,-0.30156],[0.74496,-0.30063]],[[0.82562,-0.30308],[0.85898,-0.31054],[0.88036,-0.31842],[0.88673,-0.31925],[0.89332,-0.31918]],[[0.792,-0.31214],[0.79938,-0.31097],[0.81727,-0.30434],[0.82562,-0.30308]],[[0.71041,-2.03248],[0.73051,-2.05049],[0.74123,-2.07244],[0.75094,-2.08612],[0.75183,-2.09436],[0.74879,-2.09981],[0.74454,-2.10496],[0.74156,-2.11415],[0.74526,-2.12666],[0.74803,-2.15844],[0.7521,-2.16424],[0.75777,-2.16556]],[[0.98338,-2.14626],[0.99294,-2.14687],[0.99846,-2.15126],[1.00049,-2.1573],[0.99946,-2.16386],[0.99768,-2.17009],[0.99759,-2.17743],[1.0002,-2.18442],[1.00879,-2.19272],[1.0165,-2.19475]],[[0.89696,-2.20542],[0.90304,-2.20342],[0.90842,-2.19908],[0.91658,-2.18793],[0.9213,-2.18292],[0.93978,-2.17092],[0.95541,-2.15572],[0.96139,-2.15262],[0.98338,-2.14626]],[[1.0713,-2.14621],[1.08923,-2.14716],[1.11074,-2.15643],[1.11414,-2.16049],[1.11554,-2.16356],[1.11759,-2.16594],[1.12325,-2.16974],[1.12575,-2.17194],[1.12929,-2.17736],[1.1319,-2.17946],[1.13607,-2.18232],[1.15571,-2.19198],[1.18849,-2.20013]],[[1.0165,-2.19475],[1.02459,-2.19342],[1.03117,-2.18909],[1.03563,-2.18378],[1.03798,-2.17794],[1.03896,-2.17177],[1.03928,-2.15893],[1.04265,-2.15304],[1.04969,-2.14873],[1.0713,-2.14621]],[[0.80236,-2.15583],[0.80982,-2.15698],[0.81331,-2.1601],[0.81728,-2.1669],[0.82323,-2.17118],[0.83149,-2.17365],[0.88101,-2.20222],[0.88906,-2.20482],[0.89696,-2.20542]],[[0.78352,-2.1616],[0.78975,-2.16128],[0.80236,-2.15583]],[[0.77706,-2.16037],[0.78352,-2.1616]],[[0.75777,-2.16556],[0.77074,-2.16064],[0.77706,-2.16037]],[[1.73639,-0.21114],[1.71734,-0.20627],[1.71208,-0.20252],[1.70822,-0.19588],[1.70718,-0.1863],[1.70797,-0.17769],[1.70946,-0.17037],[1.71042,-0.16322],[1.7098,-0.15725],[1.70634,-0.15259],[1.69156,-0.15086],[1.6858,-0.14851],[1.67639,-0.13523],[1.66749,-0.13138],[1.65211,-0.12769],[1.64585,-0.12248],[1.64036,-0.11456],[1.63644,-0.10148],[1.63445,-0.09211],[1.63152,-0.08392],[1.62413,-0.07642],[1.61799,-0.07284],[1.60092,-0.06787],[1.59439,-0.05662],[1.59314,-0.02123]],[[2.11007,-0.04154],[2.08259,-0.07369],[2.07796,-0.08118],[2.07327,-0.09043],[2.05068,-0.11625],[2.04802,-0.12069],[2.03987,-0.13817],[2.03731,-0.14126],[2.03379,-0.14446],[2.02794,-0.14872],[2.02353,-0.154],[2.01999,-0.15985],[2.01569,-0.16559],[1.99244,-0.18764],[1.98634,-0.19143],[1.97936,-0.19395],[1.96418,-0.19673]],[[1.96418,-0.19673],[1.88863,-0.19556],[1.88242,-0.19341],[1.87726,-0.18953],[1.8744,-0.18119],[1.87469,-0.17402],[1.8717,-0.16541],[1.86462,-0.15558],[1.83104,-0.12732],[1.82903,-0.12492]],[[1.82903,-0.12492],[1.81628,-0.13569],[1.81409,-0.13815],[1.80871,-0.14712],[1.80643,-0.14935],[1.80119,-0.15317],[1.79903,-0.15572],[1.79741,-0.15882],[1.79563,-0.16657],[1.79425,-0.17002],[1.79173,-0.17201],[1.78845,-0.17289],[1.78108,-0.17386],[1.77808,-0.17508],[1.77545,-0.1771],[1.7735,-0.17979],[1.768,-0.18882],[1.76541,-0.19128],[1.76236,-0.19349],[1.74831,-0.20008],[1.74385,-0.20484],[1.74223,-0.20781],[1.73967,-0.20974],[1.73639,-0.21114]],[[-0.99179,2.44373],[-0.99472,2.45591],[-0.99551,2.46222],[-0.99455,2.4697],[-0.99411,2.47749],[-0.99771,2.48088],[-1.00332,2.48254],[-1.00972,2.48339],[-1.01488,2.4856],[-1.01804,2.49076],[-1.01844,2.49686],[-1.01742,2.50206],[-1.01532,2.51017],[-1.01494,2.51367],[-1.01494,2.51944],[-1.01634,2.52602],[-1.02237,2.54032],[-1.02152,2.54727],[-1.01519,2.55308],[-0.9313,2.57148],[-0.90569,2.58495]],[[-0.85195,2.73185],[-0.84262,2.72256],[-0.84082,2.71522],[-0.83896,2.70458],[-0.83463,2.69677],[-0.8268,2.69031],[-0.81933,2.68786],[-0.81204,2.68656],[-0.79109,2.68616],[-0.76055,2.67531],[-0.74159,2.67236],[-0.73005,2.66724]],[[-0.60775,2.70971],[-0.60158,2.7084],[-0.59646,2.70401],[-0.59195,2.69823],[-0.58367,2.69179],[-0.56683,2.68232]],[[-0.73005,2.66724],[-0.70723,2.67306],[-0.6763,2.67362],[-0.66322,2.67599],[-0.65363,2.68083],[-0.62542,2.70162],[-0.61723,2.70641],[-0.60775,2.70971]],[[-0.55686,2.68273],[-0.54113,2.67905],[-0.49943,2.65981],[-0.4895,2.65801]],[[-0.56683,2.68232],[-0.55686,2.68273]],[[-0.44625,2.67577],[-0.43567,2.67249],[-0.32191,2.60796],[-0.31563,2.6076]],[[-0.4895,2.65801],[-0.48062,2.65839],[-0.45815,2.67268],[-0.44625,2.67577]],[[-0.3045,2.6131],[-0.29944,2.61029],[-0.29567,2.60538],[-0.29305,2.59979],[-0.2873,2.59129],[-0.27343,2.57972]],[[-0.31563,2.6076],[-0.3045,2.6131]],[[0.23042,1.86784],[0.23616,1.8707],[0.24587,1.88948],[0.26283,1.90818]],[[0.20477,1.87412],[0.21116,1.87321],[0.22401,1.8684],[0.23042,1.86784]],[[0.13739,1.86223],[0.20477,1.87412]],[[0.0869,1.86828],[0.11944,1.86596],[0.12696,1.86285],[0.13739,1.86223]],[[0.06151,1.8568],[0.06564,1.85783],[0.07073,1.86255],[0.07433,1.86496],[0.0801,1.86718],[0.0869,1.86828]],[[0.02817,1.85765],[0.06151,1.8568]],[[-0.04967,1.65226],[-0.04677,1.66595],[-0.04499,1.67829],[-0.04218,1.69015],[-0.03967,1.69578],[-0.03511,1.70159],[-0.02765,1.70691],[-0.00635,1.71741],[0.00155,1.72546],[0.00507,1.73204],[0.01086,1.74542],[0.01159,1.74676],[0.01572,1.7527],[0.0186,1.75814],[0.01995,1.7644],[0.01768,1.77059],[0.01375,1.77672],[0.01054,1.78329],[0.00899,1.79016],[0.00827,1.79668],[0.00827,1.80364],[0.00878,1.81013],[0.01032,1.81658],[0.0128,1.82251],[0.01621,1.82829],[0.01774,1.83381],[0.01929,1.84294],[0.02116,1.8504],[0.02383,1.85408],[0.02817,1.85765]],[[0.29981,2.31125],[0.30603,2.31304],[0.31101,2.31919],[0.31343,2.32469],[0.31504,2.34595]],[[0.27758,2.31156],[0.29981,2.31125]],[[0.26707,2.24537],[0.26338,2.24594],[0.26236,2.24679],[0.26122,2.24962],[0.26078,2.25589],[0.26328,2.26588],[0.26786,2.27348],[0.2762,2.281],[0.28089,2.28626],[0.28023,2.29149],[0.27088,2.29928],[0.2681,2.30432],[0.27002,2.30882],[0.27758,2.31156]],[[0.30935,2.13502],[0.30398,2.1386],[0.3019,2.14623],[0.301,2.1584],[0.3064,2.18174],[0.3052,2.19209],[0.30102,2.20811],[0.29996,2.21398],[0.29819,2.22036],[0.29497,2.22602],[0.2896,2.22991],[0.28465,2.23486],[0.28133,2.24199],[0.27937,2.24481],[0.27772,2.24619],[0.27464,2.24649]],[[0.27464,2.24649],[0.26707,2.24537]],[[0.35613,2.11],[0.34112,2.12991],[0.33635,2.13811],[0.33171,2.14001],[0.32779,2.14004]],[[0.32779,2.14004],[0.3156,2.13552],[0.30935,2.13502]],[[-2.6924,0.5665],[-2.66833,0.54732],[-2.65976,0.53582],[-2.65169,0.51679],[-2.6453,0.50615],[-2.62784,0.49472],[-2.6197,0.48188],[-2.61751,0.473],[-2.61728,0.45262],[-2.61341,0.43574],[-2.60795,0.42494],[-2.60219,0.41667],[-2.56395,0.38991],[-2.54973,0.37589],[-2.54433,0.36704],[-2.54216,0.3611],[-2.54323,0.35646],[-2.54546,0.35089],[-2.55271,0.33825],[-2.55249,0.32709],[-2.54739,0.31036],[-2.53028,0.27993],[-2.51363,0.24091],[-2.51102,0.23093],[-2.50946,0.22247],[-2.50946,0.21585],[-2.51012,0.20865],[-2.50913,0.20024],[-2.50584,0.18972],[-2.49803,0.17909],[-2.49428,0.17092],[-2.49278,0.16356],[-2.49257,0.14343],[-2.48847,0.11387],[-2.48804,0.10442],[-2.48993,0.0982],[-2.49378,0.09277],[-2.49916,0.08876],[-2.5037,0.08248],[-2.50617,0.07268],[-2.4976,0.01885],[-2.49749,0.01229],[-2.49883,0.00598],[-2.50461,-0.00935],[-2.5061,-0.01934],[-2.50403,-0.03371],[-2.49985,-0.03916]],[[-2.49095,-0.03619],[-2.48591,-0.03685],[-2.46323,-0.05701],[-2.45574,-0.06697],[-2.45431,-0.0747],[-2.45662,-0.08197],[-2.46188,-0.08708],[-2.46699,-0.08909],[-2.47066,-0.08933]],[[-2.49985,-0.03916],[-2.49514,-0.03874],[-2.49095,-0.03619]],[[-2.47066,-0.08933],[-2.47599,-0.08796],[-2.48178,-0.08718]],[[-2.48178,-0.08718],[-2.48812,-0.08762],[-2.4943,-0.09053],[-2.51598,-0.11276],[-2.52135,-0.11558],[-2.52593,-0.11612]],[[-2.52593,-0.11612],[-2.54607,-0.11489]],[[-2.54607,-0.11489],[-2.55302,-0.11628],[-2.57213,-0.12537],[-2.57703,-0.12921],[-2.58816,-0.13462],[-2.59643,-0.13655]],[[-0.99179,2.44373],[-1.01847,2.42777],[-1.02165,2.42207],[-1.02362,2.41443],[-1.01822,2.39317],[-1.01837,2.38543],[-1.0204,2.37562],[-1.02525,2.36876],[-1.03106,2.36405],[-1.04678,2.35691],[-1.05795,2.35006],[-1.07325,2.33679],[-1.08033,2.32728],[-1.08493,2.31755],[-1.08759,2.30771],[-1.09279,2.29415],[-1.0996,2.28686],[-1.10655,2.28216],[-1.1223,2.27543],[-1.15029,2.25937],[-1.15374,2.25816],[-1.15641,2.25765]],[[-1.19929,2.26461],[-1.20636,2.26513],[-1.21317,2.26663],[-1.21905,2.26976],[-1.23692,2.28612],[-1.24463,2.28901]],[[-1.24463,2.28901],[-1.24823,2.2882],[-1.25088,2.28418],[-1.25098,2.27162],[-1.25275,2.26602],[-1.25683,2.26261],[-1.26118,2.26111],[-1.26313,2.2607],[-1.26438,2.2606]],[[-1.15641,2.25765],[-1.15743,2.25794],[-1.16378,2.26228],[-1.16935,2.26496],[-1.17609,2.26616]],[[-1.17609,2.26616],[-1.19929,2.26461]],[[-1.26438,2.2606],[-1.27797,2.2623]],[[-1.27797,2.2623],[-1.28587,2.26171],[-1.29517,2.2589],[-1.30096,2.25378],[-1.30553,2.24714],[-1.30919,2.24014],[-1.31532,2.23266],[-1.32196,2.22949],[-1.32925,2.22849]],[[-1.32925,2.22849],[-1.33579,2.22948]],[[-1.33579,2.22948],[-1.34279,2.22949],[-1.40621,2.2131],[-1.41497,2.20872],[-1.42231,2.20288],[-1.44436,2.18032]],[[-1.46963,1.70268],[-1.46159,1.7073],[-1.45662,1.71134],[-1.45169,1.71739],[-1.44963,1.72512],[-1.45212,1.73572],[-1.45581,1.74428],[-1.46678,1.76425],[-1.46804,1.76701],[-1.4688,1.76982],[-1.46922,1.77677],[-1.46887,1.78535],[-1.46718,1.79786],[-1.46705,1.80599],[-1.46977,1.81267],[-1.4748,1.81683],[-1.47931,1.82217],[-1.48159,1.82971],[-1.47878,1.84091],[-1.47528,1.84801],[-1.47199,1.85152],[-1.46689,1.85287],[-1.45527,1.85392],[-1.44622,1.85613],[-1.40059,1.874],[-1.38601,1.88288],[-1.36662,1.90125],[-1.36286,1.90643],[-1.3583,1.92001],[-1.35545,1.92654],[-1.35147,1.93266],[-1.34584,1.93914],[-1.34224,1.94601],[-1.34275,1.9539],[-1.34983,1.96431],[-1.35532,1.97101],[-1.3592,1.97686],[-1.36171,1.98284],[-1.36291,1.99231],[-1.36302,1.99968],[-1.36234,2.00642],[-1.36041,2.01308],[-1.35976,2.01461],[-1.35896,2.01753],[-1.3581,2.02251],[-1.35919,2.02887],[-1.3627,2.03627],[-1.39674,2.07615],[-1.41563,2.08858],[-1.42414,2.09778],[-1.43515,2.1197],[-1.44139,2.13579],[-1.44436,2.18032]],[[0.00138,0.28949],[-0.01661,0.29253]],[[-0.01661,0.29253],[-0.04703,0.2826],[-0.09078,0.25389],[-0.09494,0.24982],[-0.09974,0.23967],[-0.10368,0.23296],[-0.11104,0.22552]],[[0.0204,0.29026],[0.00138,0.28949]],[[-0.15598,0.21307],[-0.17919,0.22281],[-0.18268,0.22772],[-0.18511,0.2319],[-0.19053,0.23409]],[[-0.19053,0.23409],[-0.19491,0.23073],[-0.20573,0.21718],[-0.22613,0.1987],[-0.23802,0.19019],[-0.25537,0.18945],[-0.25952,0.1863],[-0.26009,0.18086],[-0.25737,0.1675],[-0.26124,0.16162],[-0.26785,0.16049]],[[-0.11104,0.22552],[-0.11775,0.22618],[-0.12501,0.22883],[-0.1334,0.23036]],[[-0.1334,0.23036],[-0.13999,0.22708],[-0.15046,0.21429],[-0.15598,0.21307]],[[-0.26785,0.16049],[-0.28375,0.1617]],[[-0.28375,0.1617],[-0.2879,0.16004],[-0.29069,0.15628],[-0.29115,0.15102],[-0.28884,0.14513],[-0.2808,0.13441],[-0.27944,0.12914],[-0.28032,0.12544],[-0.28548,0.11526],[-0.28648,0.10864],[-0.28502,0.1019],[-0.281,0.09508],[-0.27079,0.08247],[-0.26688,0.07598],[-0.26435,0.07037],[-0.26319,0.06627],[-0.26258,0.06184],[-0.2625,0.05709],[-0.26336,0.05248],[-0.26604,0.05],[-0.32385,0.03309],[-0.35612,0.03107],[-0.37558,0.02579],[-0.382,0.02578]],[[-0.382,0.02578],[-0.38883,0.02723]],[[-0.38883,0.02723],[-0.39975,0.02664],[-0.41343,0.02329],[-0.45464,0.00247],[-0.46526,-0.01399],[-0.47177,-0.02126],[-0.47798,-0.02481],[-0.48356,-0.02579],[-0.48829,-0.02935],[-0.49133,-0.03433],[-0.49656,-0.04655],[-0.51475,-0.07758]],[[0.0204,0.29026],[0.02346,0.31135],[0.02411,0.31414],[0.02761,0.3223],[0.04375,0.35212],[0.04789,0.36215],[0.05011,0.36947],[0.04947,0.37695],[0.04861,0.38046],[0.04754,0.38401],[0.04031,0.39948],[0.03873,0.40424],[0.03703,0.41231],[0.03724,0.41757],[0.0382,0.422],[0.04389,0.43953],[0.04969,0.4622],[0.0516,0.47287],[0.05148,0.48033],[0.05052,0.48832],[0.04829,0.50006],[0.04817,0.52536],[0.04667,0.54426],[0.0453,0.54724],[0.0435,0.54987],[0.04126,0.55252],[0.02812,0.56373],[0.02484,0.56739],[0.02155,0.57451],[0.02103,0.58193],[0.02155,0.59043],[0.02334,0.60546],[0.02345,0.61343],[0.02281,0.62075],[0.01827,0.63866],[0.01689,0.64236],[0.00897,0.67241],[-0.00115,0.70113],[-0.00593,0.71103],[-0.00689,0.71443],[-0.0133,0.75016],[-0.01572,0.7587],[-0.01898,0.76517],[-0.02183,0.76786],[-0.03299,0.77578],[-0.03761,0.78042],[-0.0549,0.80335],[-0.05719,0.80559],[-0.06014,0.80738],[-0.06698,0.81012],[-0.07004,0.81182],[-0.07277,0.81386],[-0.07582,0.81719],[-0.07896,0.82163],[-0.08319,0.82994],[-0.08476,0.83526],[-0.08507,0.83959],[-0.08422,0.84304],[-0.07807,0.85594],[-0.06976,0.86638],[-0.06174,0.88168],[-0.06005,0.88673],[-0.05922,0.88998],[-0.05689,0.89694],[-0.05216,0.90662],[-0.05101,0.91028],[-0.04594,0.93804],[-0.04614,0.94563],[-0.04719,0.95076],[-0.05064,0.95653],[-0.06237,0.97186],[-0.06634,0.97968],[-0.07241,0.99784],[-0.07994,1.01231],[-0.08469,1.01826]],[[-1.86137,1.13288],[-1.87864,1.09118],[-1.8818,1.07931],[-1.88193,1.06611],[-1.87818,1.04783],[-1.87728,1.04041],[-1.87839,1.03299],[-1.90149,0.98519],[-1.90508,0.97136],[-1.91381,0.94688],[-1.91565,0.9372],[-1.9119,0.91831],[-1.91306,0.90963],[-1.93257,0.87852],[-1.95277,0.85376],[-1.96092,0.8408],[-1.96457,0.83325],[-1.96893,0.82107],[-1.9832,0.76516],[-1.99607,0.68925]],[[-0.74726,1.94515],[-0.76409,1.95161],[-0.79619,1.9695],[-0.80666,1.97863],[-0.81393,1.98772],[-0.81988,2.00179],[-0.82037,2.00322],[-0.82079,2.01008],[-0.81932,2.02453],[-0.81933,2.03056],[-0.81983,2.03756],[-0.82115,2.04545],[-0.8235,2.05415],[-0.82983,2.06412],[-0.83755,2.07028],[-0.84956,2.07741],[-0.85509,2.08439],[-0.85775,2.09112],[-0.85875,2.10558],[-0.86214,2.11445],[-0.87053,2.12201],[-0.9035,2.14599],[-0.91306,2.15673],[-0.91864,2.16704],[-0.92417,2.18478],[-0.9293,2.19044],[-0.93958,2.19656],[-0.94133,2.20172],[-0.94184,2.20764],[-0.93977,2.21436],[-0.93586,2.22063],[-0.92546,2.23339],[-0.92197,2.24035],[-0.92057,2.24847],[-0.92043,2.25183],[-0.921,2.25384],[-0.93986,2.26547],[-0.94376,2.27163],[-0.94551,2.27651],[-0.94635,2.28679],[-0.94636,2.29102],[-0.94586,2.29632],[-0.94494,2.30224],[-0.9413,2.31698],[-0.9397,2.32608],[-0.93953,2.3352],[-0.94246,2.34883],[-0.94749,2.35792],[-0.95746,2.37208],[-0.99179,2.44373]],[[-0.7179,1.94511],[-0.72328,1.94993]],[[-0.72328,1.94993],[-0.74726,1.94515]],[[-1.99607,0.68925],[-1.98965,0.67593],[-1.98598,0.66986],[-1.9833,0.66254],[-1.98002,0.65679],[-1.97467,0.6534]],[[-1.95493,0.66135],[-1.95025,0.66097],[-1.94721,0.65483],[-1.94764,0.64878],[-1.94871,0.64234],[-1.94786,0.63686],[-1.94336,0.63255]],[[-1.97467,0.6534],[-1.96638,0.65454],[-1.95493,0.66135]],[[-1.91846,0.63723],[-1.91281,0.63491],[-1.91034,0.62723],[-1.91008,0.61939],[-1.91162,0.61176],[-1.91356,0.60486],[-1.91484,0.59825],[-1.91409,0.5925],[-1.90887,0.58806],[-1.89946,0.58765]],[[-1.94336,0.63255],[-1.93447,0.63259],[-1.91846,0.63723]],[[-1.87506,0.59494],[-1.86915,0.59458],[-1.86451,0.59133],[-1.86085,0.58046],[-1.85667,0.57604],[-1.84203,0.57422],[-1.83644,0.57264],[-1.83428,0.56792],[-1.83351,0.5622],[-1.83469,0.54978],[-1.83981,0.52975],[-1.84163,0.51073],[-1.84137,0.49628],[-1.84046,0.48882],[-1.83869,0.48174],[-1.83407,0.47431],[-1.82653,0.46843],[-1.81392,0.46516]],[[-1.89946,0.58765],[-1.89051,0.58945],[-1.87506,0.59494]],[[-1.65667,0.52819],[-1.64856,0.52531],[-1.61148,0.49995],[-1.59738,0.49342],[-1.59001,0.48833],[-1.58326,0.48045],[-1.5763,0.46492],[-1.56352,0.42178],[-1.4861,0.29917],[-1.45779,0.27524],[-1.4531,0.26937]],[[-1.75347,0.46023],[-1.74651,0.46269],[-1.74139,0.46667],[-1.73713,0.4713],[-1.73151,0.47422],[-1.71889,0.47714],[-1.66457,0.47788],[-1.65796,0.47941],[-1.65204,0.48232],[-1.65041,0.48565],[-1.65019,0.48921],[-1.65087,0.49255],[-1.65184,0.49591],[-1.6531,0.4991],[-1.65461,0.50201],[-1.65653,0.50488],[-1.65792,0.50786],[-1.65866,0.51139],[-1.65897,0.51882],[-1.65887,0.522],[-1.65907,0.5251],[-1.65833,0.52598],[-1.65667,0.52819]],[[-1.78413,0.46743],[-1.75347,0.46023]],[[-1.81392,0.46516],[-1.78413,0.46743]],[[-0.15427,-1.63381],[-0.15911,-1.63256],[-0.16107,-1.62813],[-0.15994,-1.61565],[-0.15992,-1.60921],[-0.1609,-1.60257],[-0.16306,-1.59576],[-0.16726,-1.58909],[-0.17712,-1.57747],[-0.18116,-1.57132],[-0.18434,-1.56471],[-0.18815,-1.56104],[-0.19366,-1.5604]],[[-0.19366,-1.5604],[-0.28822,-1.66009],[-0.29111,-1.66678],[-0.29247,-1.67326],[-0.29419,-1.68634],[-0.29588,-1.69268],[-0.29999,-1.70028],[-0.31663,-1.72261],[-0.3246,-1.73967],[-0.32651,-1.74574],[-0.32916,-1.76487],[-0.33151,-1.77138],[-0.33473,-1.77729],[-0.33896,-1.78298],[-0.36062,-1.80627],[-0.36846,-1.81867],[-0.37623,-1.82588],[-0.38833,-1.83245],[-0.41135,-1.83507]],[[-0.01417,-1.85103],[-0.03823,-1.83027],[-0.04309,-1.82408],[-0.0472,-1.81777],[-0.05282,-1.80459],[-0.05599,-1.79135],[-0.05699,-1.78464],[-0.05818,-1.76444],[-0.05918,-1.75774],[-0.06081,-1.75124],[-0.06388,-1.74474],[-0.0662,-1.73879],[-0.06399,-1.7338],[-0.05891,-1.73027],[-0.0522,-1.72703],[-0.05075,-1.72237],[-0.05219,-1.71755],[-0.05615,-1.71383],[-0.05957,-1.71192],[-0.07552,-1.70729],[-0.08148,-1.70375],[-0.08625,-1.69849],[-0.08942,-1.69234],[-0.09444,-1.67219],[-0.09808,-1.66548],[-0.11279,-1.6471],[-0.12057,-1.63117],[-0.12374,-1.62956],[-0.1273,-1.62873]],[[-0.1273,-1.62873],[-0.13347,-1.62929],[-0.15427,-1.63381]],[[-0.47005,-1.84146],[-0.47565,-1.83668],[-0.47892,-1.83132],[-0.48329,-1.82612],[-0.48994,-1.82421]],[[-0.48994,-1.82421],[-0.49811,-1.82444],[-0.54188,-1.83875],[-0.54851,-1.83968],[-0.55973,-1.84533],[-0.56631,-1.87006]],[[-0.41135,-1.83507],[-0.43817,-1.83476],[-0.44614,-1.83342],[-0.45033,-1.83327]],[[-0.45033,-1.83327],[-0.45488,-1.83476],[-0.4611,-1.83938],[-0.46564,-1.8415],[-0.47005,-1.84146]],[[-0.9468,-3.21693],[-0.95159,-3.23967],[-0.95011,-3.24668],[-0.9426,-3.26685],[-0.94085,-3.27769],[-0.93999,-3.29385],[-0.93611,-3.30019],[-0.93054,-3.30533],[-0.9238,-3.30997],[-0.90862,-3.32387],[-0.90196,-3.32872],[-0.89578,-3.33195],[-0.8479,-3.34782],[-0.83698,-3.35288],[-0.81895,-3.36489],[-0.80743,-3.36736],[-0.78658,-3.36892],[-0.77946,-3.37396],[-0.77174,-3.38199],[-0.76652,-3.3901],[-0.7631,-3.39889],[-0.76099,-3.40921],[-0.76131,-3.41674],[-0.76481,-3.42328],[-0.76987,-3.42873],[-0.77381,-3.43435],[-0.77456,-3.43975],[-0.77043,-3.44522],[-0.75648,-3.45585],[-0.75226,-3.46305],[-0.74952,-3.47073],[-0.74653,-3.48571],[-0.73963,-3.50966],[-0.73918,-3.51848],[-0.74132,-3.52526],[-0.74664,-3.52904],[-0.7527,-3.53131],[-0.76606,-3.53459],[-0.772,-3.53753],[-0.77628,-3.54283],[-0.77684,-3.55018],[-0.77246,-3.55529],[-0.75689,-3.56586],[-0.75287,-3.57209],[-0.75012,-3.57908],[-0.74554,-3.60637],[-0.74529,-3.61241],[-0.74672,-3.61777],[-0.75158,-3.62163],[-0.78642,-3.6356],[-0.79376,-3.63613]],[[-0.79376,-3.63613],[-0.80697,-3.63526]],[[-0.80697,-3.63526],[-0.81291,-3.63631],[-0.81821,-3.64012],[-0.82227,-3.64615],[-0.82602,-3.65277],[-0.8307,-3.65961],[-0.83438,-3.66821],[-0.83183,-3.67379],[-0.82704,-3.67666],[-0.82069,-3.67804],[-0.81432,-3.6808],[-0.80823,-3.68563],[-0.80185,-3.69386],[-0.79921,-3.70108],[-0.7991,-3.70946],[-0.80023,-3.7172],[-0.80049,-3.72778],[-0.79667,-3.73229],[-0.79158,-3.73522],[-0.78574,-3.73752],[-0.76878,-3.75016],[-0.76265,-3.75281],[-0.75605,-3.75408]],[[-0.68798,-3.74076],[-0.68104,-3.74197],[-0.673,-3.74782],[-0.66773,-3.75569],[-0.66256,-3.76754],[-0.65703,-3.77435],[-0.65093,-3.779],[-0.63671,-3.78441],[-0.62898,-3.78837],[-0.62079,-3.79495],[-0.61583,-3.80244],[-0.61306,-3.80997],[-0.61289,-3.81636],[-0.61457,-3.82196],[-0.61493,-3.82254]],[[-0.75605,-3.75408],[-0.74253,-3.7537],[-0.69541,-3.74145],[-0.68798,-3.74076]],[[-1.65201,-0.76301],[-1.67717,-0.78525],[-1.68915,-0.80105],[-1.70355,-0.82379],[-1.71066,-0.82927],[-1.71786,-0.83041]],[[-1.71786,-0.83041],[-1.72456,-0.82912]],[[-1.72456,-0.82912],[-1.73282,-0.83139],[-1.7373,-0.8361],[-1.73988,-0.84231],[-1.74095,-0.84895],[-1.74111,-0.87102],[-1.74191,-0.87935],[-1.7435,-0.88817],[-1.74806,-0.902],[-1.75279,-0.91008],[-1.77044,-0.93202],[-1.79244,-0.96904],[-1.80026,-0.97911],[-1.80675,-0.98413]],[[-1.80675,-0.98413],[-1.81099,-0.98391],[-1.81706,-0.98217]],[[-1.81706,-0.98217],[-1.8317,-0.98687],[-1.90444,-1.03615],[-1.90986,-1.04197],[-1.914,-1.04801],[-1.91889,-1.05992],[-1.92913,-1.09752],[-1.93142,-1.11007],[-1.93223,-1.12351],[-1.93075,-1.15048],[-1.93167,-1.15836],[-1.93647,-1.17029],[-1.94467,-1.17903],[-1.95775,-1.19028],[-1.96798,-1.19528],[-1.98716,-1.20187],[-1.99156,-1.20592],[-1.99398,-1.20927],[-1.99511,-1.21358],[-2.00171,-1.22988],[-2.00755,-1.23709],[-2.01442,-1.24251],[-2.02089,-1.24522],[-2.02715,-1.24592]],[[-2.02715,-1.24592],[-2.0328,-1.24422],[-2.04404,-1.23809],[-2.05,-1.23642]],[[-2.05,-1.23642],[-2.05636,-1.23649],[-2.06346,-1.23819],[-2.11558,-1.26455]],[[-2.25667,-2.87314],[-2.24255,-2.88395],[-2.23595,-2.9035],[-2.23055,-2.90928],[-2.22292,-2.91434],[-2.21765,-2.92009],[-2.21343,-2.92729],[-2.19725,-2.97064],[-2.19408,-2.98226],[-2.19335,-2.99104],[-2.1961,-2.99605],[-2.20137,-2.99855]],[[-2.20137,-2.99855],[-2.20756,-2.99782],[-2.21326,-2.99621]],[[-2.21326,-2.99621],[-2.21797,-2.99933],[-2.22016,-3.00825],[-2.21859,-3.02793],[-2.21383,-3.03445],[-2.20806,-3.03511]],[[-2.18812,-3.01613],[-2.18088,-3.01725],[-2.17757,-3.02212],[-2.17635,-3.02871],[-2.18024,-3.0658],[-2.17838,-3.0794],[-2.16959,-3.10188],[-2.16913,-3.11164],[-2.17262,-3.11822],[-2.17829,-3.12161],[-2.19227,-3.12485],[-2.19744,-3.12759],[-2.20268,-3.13296],[-2.2072,-3.13899],[-2.21116,-3.14744],[-2.21396,-3.15712],[-2.21529,-3.17202],[-2.20949,-3.19102],[-2.20852,-3.19564],[-2.20936,-3.20116],[-2.21175,-3.207],[-2.21547,-3.21296],[-2.22102,-3.21919],[-2.23387,-3.23056],[-2.23933,-3.23637],[-2.24273,-3.24372],[-2.2484,-3.26609],[-2.25131,-3.27479],[-2.25539,-3.28118],[-2.26045,-3.2833]],[[-2.20806,-3.03511],[-2.20286,-3.03014],[-2.19852,-3.02432],[-2.19366,-3.01935],[-2.18812,-3.01613]],[[-2.26045,-3.2833],[-2.26963,-3.28011]],[[-2.26963,-3.28011],[-2.27372,-3.28164],[-2.27921,-3.28736],[-2.29047,-3.3117],[-2.29569,-3.32046],[-2.30252,-3.3265],[-2.30895,-3.33063],[-2.3241,-3.33714],[-2.32952,-3.34203],[-2.33544,-3.35194],[-2.33695,-3.36689],[-2.33683,-3.37794],[-2.33255,-3.39734],[-2.33624,-3.40423],[-2.34309,-3.40911],[-2.35066,-3.4102],[-2.37182,-3.40964],[-2.37792,-3.41143],[-2.38335,-3.41539],[-2.39239,-3.42595],[-2.40504,-3.43759],[-2.41035,-3.44582],[-2.4119,-3.45283],[-2.41112,-3.45992],[-2.40813,-3.47469],[-2.40794,-3.48422],[-2.40957,-3.49967],[-2.41377,-3.5086],[-2.4197,-3.51634],[-2.42595,-3.52289],[-2.4317,-3.53131],[-2.43447,-3.53842],[-2.43561,-3.54538],[-2.43591,-3.55192],[-2.43508,-3.56546],[-2.43147,-3.59089],[-2.42954,-3.6084],[-2.42953,-3.60856]],[[-0.37252,-1.107],[-0.36805,-1.10641],[-0.36399,-1.10428],[-0.35938,-1.09914],[-0.35215,-1.07847],[-0.33782,-1.01722]],[[-0.43295,-1.08161],[-0.42773,-1.0824],[-0.42469,-1.08381],[-0.41905,-1.08744],[-0.4092,-1.09613],[-0.39265,-1.10361],[-0.37252,-1.107]],[[-0.66659,-1.51711],[-0.65034,-1.50944],[-0.62505,-1.50679],[-0.61942,-1.50432],[-0.61477,-1.5002],[-0.61307,-1.4954],[-0.6126,-1.49306],[-0.61289,-1.49099],[-0.61385,-1.48745],[-0.61598,-1.48219],[-0.62973,-1.45607],[-0.63196,-1.44937],[-0.63122,-1.44187],[-0.62675,-1.43435],[-0.59945,-1.41383],[-0.59321,-1.40709],[-0.58786,-1.39866],[-0.58258,-1.38581],[-0.57985,-1.3764],[-0.57558,-1.36589],[-0.55982,-1.33436],[-0.55771,-1.32302],[-0.55929,-1.3136],[-0.56393,-1.30687],[-0.56789,-1.29985],[-0.5698,-1.29238],[-0.57024,-1.28398],[-0.5693,-1.27715],[-0.5678,-1.27024],[-0.54058,-1.24901],[-0.53725,-1.24443],[-0.53278,-1.22337],[-0.5311,-1.21965],[-0.52792,-1.21724],[-0.51453,-1.21411],[-0.50014,-1.20594],[-0.49455,-1.20172],[-0.47116,-1.16377],[-0.46558,-1.16161],[-0.46195,-1.15893],[-0.45888,-1.15553],[-0.45396,-1.14268],[-0.4451,-1.12657],[-0.4441,-1.12297],[-0.44363,-1.11885],[-0.44349,-1.11503],[-0.44379,-1.11085],[-0.44464,-1.10745],[-0.44602,-1.10444],[-0.44796,-1.10191],[-0.45023,-1.09951],[-0.45284,-1.09741],[-0.45521,-1.09504],[-0.45683,-1.09227],[-0.45548,-1.08881],[-0.45121,-1.08539],[-0.43953,-1.08198],[-0.43295,-1.08161]],[[-0.33782,-1.01722],[-0.3492,-1.00924],[-0.35124,-1.00539],[-0.35313,-0.9954],[-0.35347,-0.98136],[-0.35271,-0.96291],[-0.35371,-0.95135],[-0.35822,-0.94039],[-0.36957,-0.92779],[-0.37333,-0.92045],[-0.37469,-0.91194],[-0.36686,-0.87895],[-0.36302,-0.87293],[-0.35776,-0.86947],[-0.34394,-0.86411],[-0.3398,-0.8602],[-0.33705,-0.85612],[-0.33552,-0.85252],[-0.3344,-0.84773],[-0.33303,-0.83766],[-0.33185,-0.82014],[-0.33177,-0.80556],[-0.33227,-0.79932],[-0.33857,-0.78355],[-0.35631,-0.7609]],[[-0.39354,-0.22433],[-0.39803,-0.2229],[-0.40217,-0.21551],[-0.40438,-0.2093],[-0.40718,-0.19858],[-0.41079,-0.19296],[-0.41698,-0.18781],[-0.43659,-0.18394],[-0.44995,-0.17935],[-0.45634,-0.17502],[-0.46187,-0.16858],[-0.46717,-0.15142],[-0.46848,-0.14088],[-0.47239,-0.13095],[-0.49117,-0.11202],[-0.51475,-0.07758]],[[-0.30047,-0.36235],[-0.30618,-0.34621],[-0.32037,-0.32275],[-0.32472,-0.31283],[-0.32769,-0.30395],[-0.33173,-0.28247],[-0.33608,-0.27251],[-0.36383,-0.22683],[-0.37116,-0.21836],[-0.3808,-0.21478]],[[-0.3808,-0.21478],[-0.38659,-0.21716],[-0.39354,-0.22433]],[[-0.35383,-0.62889],[-0.34981,-0.62842],[-0.34733,-0.62752],[-0.3444,-0.62449],[-0.33448,-0.61038],[-0.33013,-0.60515],[-0.32481,-0.60066],[-0.31905,-0.59418],[-0.31431,-0.58513],[-0.30927,-0.56941],[-0.30499,-0.55967],[-0.30076,-0.55145],[-0.29564,-0.54477],[-0.28513,-0.53375],[-0.28152,-0.5268],[-0.28285,-0.51225],[-0.28227,-0.50299],[-0.28246,-0.49855],[-0.27961,-0.48825],[-0.27978,-0.48083],[-0.28168,-0.47128],[-0.28774,-0.45739],[-0.29936,-0.43582],[-0.30287,-0.42797],[-0.30464,-0.41625],[-0.30523,-0.40734],[-0.30047,-0.36235]],[[-0.36702,-0.62636],[-0.35383,-0.62889]],[[-0.35631,-0.7609],[-0.36031,-0.75579],[-0.3658,-0.75101],[-0.36944,-0.74619],[-0.37075,-0.74495],[-0.37733,-0.74289],[-0.38273,-0.74221],[-0.38814,-0.74003],[-0.39201,-0.73527],[-0.39423,-0.72911],[-0.39699,-0.7159],[-0.39943,-0.70923],[-0.40306,-0.7027],[-0.41783,-0.68255],[-0.41972,-0.67495],[-0.41804,-0.6676],[-0.41031,-0.65878],[-0.39581,-0.65005],[-0.38886,-0.64399],[-0.38069,-0.63342],[-0.37352,-0.62853],[-0.36702,-0.62636]],[[-1.52814,-0.3449],[-1.52243,-0.37141],[-1.52152,-0.37927],[-1.5217,-0.38587],[-1.52324,-0.39816],[-1.5234,-0.40424],[-1.52294,-0.41054],[-1.5213,-0.41734],[-1.51847,-0.42433],[-1.49581,-0.45831],[-1.49041,-0.46166],[-1.48499,-0.46212]],[[-1.47492,-0.45661],[-1.46955,-0.45719],[-1.46505,-0.46214],[-1.46123,-0.46843],[-1.44375,-0.50602],[-1.44417,-0.514],[-1.44827,-0.52217],[-1.45983,-0.53292],[-1.46874,-0.53962],[-1.47784,-0.545],[-1.48561,-0.54842],[-1.49314,-0.5506],[-1.49986,-0.55124]],[[-1.48499,-0.46212],[-1.47492,-0.45661]],[[-1.49986,-0.55124],[-1.51322,-0.55046]],[[-1.51322,-0.55046],[-1.51941,-0.55179],[-1.52449,-0.55556],[-1.52747,-0.56585],[-1.52725,-0.58127],[-1.52751,-0.58714],[-1.5295,-0.59479],[-1.53245,-0.6039],[-1.53394,-0.61078],[-1.53824,-0.65228],[-1.54213,-0.66728],[-1.54468,-0.67407],[-1.54842,-0.67953],[-1.55308,-0.68364],[-1.56789,-0.68349]],[[-1.56789,-0.68349],[-1.57425,-0.681],[-1.5856,-0.67291]],[[-1.5856,-0.67291],[-1.59146,-0.67346],[-1.597,-0.67799],[-1.60268,-0.69088],[-1.60791,-0.6998],[-1.61633,-0.7085],[-1.62961,-0.7185],[-1.63475,-0.72345],[-1.65201,-0.76301]],[[-0.58288,-0.07297],[-0.51475,-0.07758]],[[-0.59388,-0.07521],[-0.58288,-0.07297]],[[-0.84757,-0.04129],[-0.84128,-0.04243],[-0.83581,-0.04696],[-0.82135,-0.06691],[-0.81507,-0.07195],[-0.80622,-0.07337]],[[-0.87983,-0.09688],[-0.87177,-0.09453],[-0.86581,-0.08983],[-0.86261,-0.08416],[-0.86082,-0.07811],[-0.8605,-0.07159],[-0.86114,-0.06508],[-0.86124,-0.05799],[-0.85963,-0.05097],[-0.8537,-0.04298],[-0.84757,-0.04129]],[[-0.77138,-0.05619],[-0.70969,-0.05883],[-0.70106,-0.06114],[-0.68732,-0.06879],[-0.68188,-0.07023]],[[-0.80622,-0.07337],[-0.79953,-0.07006],[-0.78527,-0.05953],[-0.77828,-0.05717],[-0.77138,-0.05619]],[[-0.64261,-0.07065],[-0.61936,-0.0804]],[[-0.68188,-0.07023],[-0.64261,-0.07065]],[[-0.61936,-0.0804],[-0.59388,-0.07521]],[[-1.01732,-0.07587],[-1.01005,-0.07781],[-1.00189,-0.08178],[-0.9924,-0.08339]],[[-1.09524,-0.13771],[-1.0732,-0.12417],[-1.0271,-0.07818],[-1.01732,-0.07587]],[[-0.97426,-0.08089],[-0.96743,-0.08384],[-0.96453,-0.08874],[-0.96529,-0.09518],[-0.96368,-0.1018],[-0.95789,-0.10752],[-0.94659,-0.11025]],[[-0.9924,-0.08339],[-0.97426,-0.08089]],[[-0.90853,-0.08955],[-0.87983,-0.09688]],[[-0.94659,-0.11025],[-0.93832,-0.10848],[-0.93124,-0.1035],[-0.92472,-0.09693],[-0.91617,-0.09105],[-0.90853,-0.08955]],[[-1.14935,-0.09057],[-1.14231,-0.09164],[-1.1361,-0.09667],[-1.13205,-0.10343],[-1.12899,-0.11002],[-1.12554,-0.11592],[-1.09524,-0.13771]],[[-1.22036,-0.11837],[-1.21041,-0.11859],[-1.1802,-0.11533],[-1.17052,-0.11252],[-1.16512,-0.10739],[-1.16262,-0.10117],[-1.15886,-0.09522],[-1.14935,-0.09057]],[[-1.25837,-0.09819],[-1.24682,-0.10781],[-1.23782,-0.10936],[-1.22836,-0.11695],[-1.22036,-0.11837]],[[-1.02855,-1.45922],[-1.03276,-1.45659],[-1.03453,-1.45168],[-1.03598,-1.44593],[-1.03988,-1.44174],[-1.04491,-1.44155]],[[-1.04491,-1.44155],[-1.05013,-1.4447],[-1.05674,-1.45214],[-1.05909,-1.45442],[-1.07022,-1.45673],[-1.0774,-1.46309],[-1.07975,-1.46583],[-1.09071,-1.47057]],[[-0.85073,-1.55674],[-0.86611,-1.55599],[-0.87433,-1.55401],[-0.87889,-1.55053],[-0.8828,-1.5461],[-0.88919,-1.54048],[-0.89744,-1.53478],[-0.91076,-1.52853],[-0.9167,-1.52241],[-0.91948,-1.51607],[-0.92146,-1.50996],[-0.9251,-1.50391],[-0.94889,-1.48171],[-0.97199,-1.46497],[-0.98351,-1.45859],[-1.00383,-1.45173]],[[-1.00383,-1.45173],[-1.01294,-1.45263],[-1.02855,-1.45922]],[[-0.66659,-1.51711],[-0.70449,-1.51702],[-0.71924,-1.51906],[-0.72302,-1.52035],[-0.74127,-1.53037],[-0.74666,-1.53035]],[[-0.74666,-1.53035],[-0.75037,-1.52891],[-0.75406,-1.52484],[-0.76041,-1.52083],[-0.76667,-1.52054]],[[-0.76667,-1.52054],[-0.77349,-1.5224],[-0.81338,-1.54441],[-0.85073,-1.55674]],[[-1.61958,-0.77887],[-1.63885,-0.77433],[-1.65201,-0.76301]],[[-1.52733,-0.88113],[-1.55051,-0.87414],[-1.56164,-0.86844],[-1.56732,-0.8613],[-1.56658,-0.85476],[-1.55814,-0.82824],[-1.55761,-0.82152],[-1.55914,-0.81414],[-1.57378,-0.79376],[-1.58357,-0.78281],[-1.5907,-0.77883],[-1.59783,-0.77771]],[[-1.59783,-0.77771],[-1.61958,-0.77887]],[[-1.46682,-0.86998],[-1.47635,-0.86921],[-1.48231,-0.86477],[-1.4893,-0.85798]],[[-1.4893,-0.85798],[-1.49487,-0.85909],[-1.49927,-0.86338],[-1.5072,-0.87619],[-1.51523,-0.88002],[-1.52733,-0.88113]],[[-1.42047,-0.86779],[-1.43894,-0.86375]],[[-1.43894,-0.86375],[-1.44513,-0.86385],[-1.46682,-0.86998]],[[-1.26421,-1.02637],[-1.2803,-1.01496],[-1.29009,-1.00989],[-1.30481,-1.0048],[-1.31175,-0.99899],[-1.31455,-0.99282],[-1.31353,-0.98706],[-1.31117,-0.98351],[-1.30994,-0.98199],[-1.30015,-0.97474],[-1.29414,-0.96901],[-1.2904,-0.96265],[-1.29098,-0.95432],[-1.29499,-0.94929],[-1.30068,-0.94586],[-1.32994,-0.94073],[-1.34385,-0.93441],[-1.35117,-0.92743],[-1.356,-0.92035],[-1.37198,-0.88948],[-1.38098,-0.87533],[-1.38791,-0.86908],[-1.39401,-0.86568]],[[-1.39401,-0.86568],[-1.40234,-0.86547],[-1.41511,-0.86777],[-1.42047,-0.86779]],[[-1.22507,-1.0374],[-1.24332,-1.02246]],[[-1.24332,-1.02246],[-1.26421,-1.02637]],[[1.27872,-2.54618],[1.25469,-2.55708],[1.24582,-2.56248],[1.21888,-2.58507],[1.19784,-2.5974],[1.18938,-2.60492],[1.1849,-2.61027],[1.18441,-2.61837],[1.18553,-2.62953],[1.18713,-2.63643],[1.1882,-2.63968],[1.19202,-2.6612],[1.19228,-2.66836],[1.19196,-2.6747],[1.1904,-2.68569],[1.18186,-2.71223],[1.17016,-2.73981],[1.16923,-2.74398],[1.1693,-2.74749],[1.16994,-2.75072],[1.17089,-2.75361],[1.17144,-2.75852],[1.1709,-2.76486],[1.16788,-2.77684],[1.16519,-2.7821],[1.16244,-2.78484],[1.16043,-2.78516]],[[1.16043,-2.78516],[1.15728,-2.7851],[1.15377,-2.78423],[1.1505,-2.78291],[1.14491,-2.7789],[1.13878,-2.77557],[1.11616,-2.76891],[1.11221,-2.7682]],[[1.11221,-2.7682],[1.10851,-2.76838],[1.10515,-2.76916],[1.08593,-2.77613],[1.0699,-2.7896],[1.05198,-2.81635],[1.04892,-2.82342],[1.04629,-2.83284],[1.04426,-2.83832],[1.03808,-2.85108],[1.03658,-2.85523],[1.03675,-2.85832],[1.03826,-2.86097],[1.04066,-2.86309],[1.04394,-2.86453],[1.04778,-2.86543],[1.05161,-2.86557]],[[1.05883,-2.86487],[1.06113,-2.86751],[1.06135,-2.87323],[1.05753,-2.88582],[1.05438,-2.8917],[1.05104,-2.89542],[1.04745,-2.89615],[1.0352,-2.897],[1.03084,-2.89826],[1.02548,-2.90129],[1.02308,-2.90505],[1.02225,-2.90934],[1.02169,-2.9159],[1.01972,-2.91908],[1.01671,-2.92104],[1.00323,-2.92454],[1.00033,-2.92606],[0.97123,-2.95187],[0.95998,-2.95953],[0.95127,-2.96347],[0.93487,-2.96675],[0.92928,-2.97153],[0.92408,-2.97771],[0.9185,-2.98121],[0.9123,-2.98131],[0.90828,-2.9834],[0.90672,-2.98399],[0.90616,-2.98463],[0.90594,-2.98509],[0.90454,-2.98954],[0.90255,-2.99906],[0.89533,-3.01355],[0.89085,-3.02632]],[[1.05161,-2.86557],[1.05883,-2.86487]],[[1.3142,-2.24229],[1.30739,-2.24074],[1.3016,-2.23623],[1.29802,-2.23029],[1.28081,-2.18397],[1.27664,-2.17661],[1.27113,-2.16932],[1.26027,-2.16031],[1.25463,-2.15667],[1.24913,-2.1544],[1.22938,-2.15182],[1.20761,-2.15189]],[[1.20761,-2.15189],[1.18732,-2.15524]],[[1.59515,-2.24734],[1.57334,-2.24362],[1.56226,-2.23878],[1.55451,-2.23223],[1.55188,-2.2256],[1.55081,-2.2187],[1.54995,-2.20415],[1.55054,-2.19702],[1.55639,-2.18321],[1.55841,-2.17583],[1.55696,-2.16775],[1.55277,-2.16493]],[[1.55277,-2.16493],[1.54758,-2.16585],[1.5429,-2.17002],[1.5333,-2.18069],[1.52474,-2.18447],[1.51318,-2.18592]],[[1.51318,-2.18592],[1.48039,-2.17937],[1.47083,-2.17905]],[[1.47083,-2.17905],[1.4226,-2.19443],[1.40886,-2.20057],[1.39514,-2.20922],[1.38226,-2.21494],[1.37597,-2.21669],[1.35641,-2.21902],[1.34991,-2.22119],[1.34331,-2.22506],[1.33055,-2.23546],[1.32353,-2.23996],[1.3142,-2.24229]],[[1.68873,-2.26162],[1.67865,-2.26053],[1.62813,-2.24354],[1.61776,-2.2433]],[[1.61776,-2.2433],[1.60749,-2.24599],[1.59515,-2.24734]],[[1.80154,-2.34353],[1.77637,-2.34125],[1.76992,-2.33811],[1.743,-2.31595],[1.7307,-2.31085],[1.72312,-2.30467],[1.71892,-2.29859],[1.71681,-2.29133],[1.71523,-2.28364],[1.71265,-2.27557],[1.7077,-2.26634],[1.70201,-2.26248],[1.69529,-2.26083]],[[1.69529,-2.26083],[1.68873,-2.26162]],[[2.33638,-1.33666],[2.32522,-1.33528],[2.31834,-1.33308],[2.30634,-1.3241]],[[2.56256,-1.31414],[2.56168,-1.31428],[2.5404,-1.31766],[2.51505,-1.33498],[2.50682,-1.33721]],[[2.44565,-1.38924],[2.39856,-1.37447],[2.39362,-1.36919],[2.39095,-1.36304],[2.38675,-1.3497],[2.3811,-1.34328],[2.3711,-1.3383],[2.35332,-1.33523]],[[2.35332,-1.33523],[2.33638,-1.33666]],[[2.50682,-1.33721],[2.48627,-1.3371]],[[2.48627,-1.3371],[2.47997,-1.34071],[2.47692,-1.34631],[2.47602,-1.35308],[2.47421,-1.36147],[2.47044,-1.37092],[2.46061,-1.38429],[2.45287,-1.38852],[2.44565,-1.38924]],[[2.30634,-1.3241],[2.29014,-1.34405],[2.28841,-1.34991],[2.28577,-1.36332],[2.28449,-1.38027],[2.27903,-1.41562],[2.27962,-1.43254],[2.28345,-1.44296],[2.29027,-1.44598],[2.29718,-1.44756],[2.30631,-1.44818]],[[2.33852,-1.43991],[2.3455,-1.44132],[2.35321,-1.44723],[2.35659,-1.45421],[2.35815,-1.46246],[2.35896,-1.48429],[2.36228,-1.49266],[2.36798,-1.50011],[2.37475,-1.50688],[2.38325,-1.5173],[2.38658,-1.52537],[2.38834,-1.53313],[2.38804,-1.56219],[2.3869,-1.57689],[2.38474,-1.58287],[2.38148,-1.58738],[2.37613,-1.58849]],[[2.30631,-1.44818],[2.33852,-1.43991]],[[2.37613,-1.58849],[2.37016,-1.58786],[2.34461,-1.58018],[2.33805,-1.5791]],[[2.33805,-1.5791],[2.33145,-1.57949],[2.32438,-1.58154],[2.30159,-1.5929],[2.29446,-1.59393]],[[2.25364,-1.59824],[2.24724,-1.59783],[2.23365,-1.59389],[2.22672,-1.59404]],[[2.22672,-1.59404],[2.21997,-1.59701],[2.18441,-1.62338],[2.17722,-1.62577],[2.17052,-1.62608]],[[2.29446,-1.59393],[2.28129,-1.59243]],[[2.28129,-1.59243],[2.2747,-1.5927],[2.25364,-1.59824]],[[2.17052,-1.62608],[2.15825,-1.62199],[2.15182,-1.62085]],[[2.15182,-1.62085],[2.14504,-1.62227],[2.13874,-1.62539],[2.12726,-1.63346],[2.11127,-1.64795],[2.10823,-1.65487],[2.10961,-1.66245],[2.1123,-1.66947],[2.11201,-1.67912],[2.10796,-1.68567],[2.10205,-1.6911],[2.07442,-1.70125],[2.06016,-1.7042]],[[2.06016,-1.7042],[2.03877,-1.7046]],[[2.03877,-1.7046],[2.03131,-1.70572],[2.02247,-1.7095],[2.01657,-1.71713],[2.00036,-1.74783]],[[2.00036,-1.74783],[2.00487,-1.7569],[2.01268,-1.76253],[2.01435,-1.76904],[2.01383,-1.77592],[2.0101,-1.7826],[2.00505,-1.78982],[1.99408,-1.80144],[1.98887,-1.80527],[1.96814,-1.8091],[1.95609,-1.81535],[1.94743,-1.81864],[1.93943,-1.82041]],[[1.93943,-1.82041],[1.92646,-1.81936],[1.91789,-1.81754],[1.9112,-1.81704]],[[1.9112,-1.81704],[1.9035,-1.81772],[1.89314,-1.82204],[1.89027,-1.82856],[1.89041,-1.83585],[1.88931,-1.84602],[1.88473,-1.85806],[1.86468,-1.89106],[1.86116,-1.89844],[1.86053,-1.903],[1.86049,-1.90852],[1.86213,-1.9142],[1.86448,-1.9184],[1.86966,-1.92462],[1.88816,-1.93702],[1.89378,-1.94242],[1.89765,-1.94931],[1.89881,-1.96047],[1.89327,-1.9672],[1.86223,-1.99108],[1.85434,-1.99374]],[[1.85434,-1.99374],[1.84823,-1.99308],[1.8036,-1.97843],[1.78122,-1.976],[1.77413,-1.97612]],[[1.77413,-1.97612],[1.76577,-1.97793],[1.76236,-1.98242],[1.76132,-1.98839],[1.76221,-1.99511],[1.76387,-2.00238],[1.76641,-2.00875],[1.77069,-2.01449],[1.7759,-2.01848],[1.78132,-2.02117],[1.78542,-2.02476],[1.7873,-2.02815],[1.78765,-2.03546],[1.78599,-2.03922],[1.78222,-2.04296],[1.77671,-2.04411]],[[1.77671,-2.04411],[1.77027,-2.04385],[1.75067,-2.03878]],[[1.75067,-2.03878],[1.74402,-2.03899],[1.73617,-2.04325],[1.73533,-2.04869],[1.73795,-2.05469],[1.7485,-2.06558],[1.75257,-2.07185],[1.75465,-2.07779],[1.75595,-2.08729],[1.75709,-2.092],[1.76013,-2.0969],[1.7876,-2.11806],[1.79109,-2.11986],[1.79592,-2.12125],[1.80979,-2.12318],[1.81707,-2.1254],[1.83032,-2.13286],[1.8366,-2.13464]],[[1.86953,-2.1314],[1.87587,-2.13165],[1.88149,-2.1335],[1.88448,-2.13853],[1.8831,-2.14487],[1.87892,-2.15331],[1.8796,-2.15984],[1.88342,-2.16492],[1.88886,-2.17004],[1.89782,-2.1816],[1.90308,-2.18612],[1.91469,-2.19076],[1.92018,-2.19488],[1.92465,-2.20215],[1.92631,-2.22819],[1.9252,-2.26744],[1.92333,-2.27081]],[[1.8366,-2.13464],[1.86953,-2.1314]],[[1.92333,-2.27082],[1.91795,-2.28055],[1.92178,-2.30482],[1.91897,-2.31042],[1.91415,-2.31286]],[[1.91415,-2.31286],[1.90843,-2.31194],[1.90339,-2.30822],[1.89988,-2.30271],[1.89855,-2.2966],[1.89476,-2.29015],[1.88664,-2.28487],[1.86974,-2.28221]],[[1.86974,-2.28221],[1.86026,-2.2853],[1.85152,-2.29428],[1.84298,-2.30717],[1.82318,-2.32899],[1.80154,-2.34353]],[[-1.68944,1.82597],[-1.70281,1.82826],[-1.7205,1.83987],[-1.73037,1.84859],[-1.73699,1.85755],[-1.74181,1.87097],[-1.74457,1.88133],[-1.7467,1.89463],[-1.7464,1.92267],[-1.7421,1.94933],[-1.74175,1.9569],[-1.74263,1.96434],[-1.74575,1.97326],[-1.7505,1.97889],[-1.7584,1.98401],[-1.78585,1.99763],[-1.79621,2.0001],[-1.80523,2.00081]],[[-1.80523,2.00081],[-1.86419,1.989],[-1.87576,1.98069],[-1.8827,1.97702],[-1.89121,1.97527],[-1.898,1.96988],[-1.90298,1.96327],[-1.9081,1.95368],[-1.91319,1.94734],[-1.91704,1.94359],[-1.92031,1.94144],[-1.92761,1.93933],[-1.93276,1.93924],[-1.93724,1.93819],[-1.9409,1.93662],[-1.94518,1.93353],[-1.94763,1.92845],[-1.95026,1.91591],[-1.95425,1.91177],[-1.96365,1.91135]],[[-1.96365,1.91135],[-1.97528,1.91643],[-1.98354,1.9186],[-1.99043,1.91902]],[[-1.99043,1.91902],[-2.03001,1.91571]],[[-1.57483,1.7685],[-1.59981,1.77018],[-1.65611,1.78797],[-1.66534,1.79347],[-1.66657,1.79686],[-1.66546,1.80554],[-1.66547,1.81169],[-1.66638,1.81889],[-1.66953,1.82708],[-1.67442,1.82951]],[[-1.67442,1.82951],[-1.68057,1.82755],[-1.68944,1.82597]],[[-1.48829,1.69809],[-1.50177,1.70198],[-1.51752,1.71272],[-1.52446,1.71979],[-1.53053,1.7284],[-1.54394,1.75221],[-1.5554,1.76695],[-1.5631,1.7722],[-1.56969,1.77286]],[[-1.56969,1.77286],[-1.57254,1.77106],[-1.57382,1.76996],[-1.57483,1.7685]],[[-1.46963,1.70268],[-1.48829,1.69809]],[[2.59983,1.37971],[2.60744,1.38203],[2.62538,1.39268],[2.63144,1.39871],[2.63552,1.40563],[2.63607,1.41528],[2.63349,1.42323],[2.62966,1.43043],[2.62794,1.43773],[2.62893,1.44505],[2.63962,1.46531],[2.64378,1.48023],[2.6454,1.48942],[2.64603,1.49785],[2.64619,1.51117],[2.64856,1.51996],[2.65344,1.53074],[2.67549,1.56451],[2.68389,1.575],[2.69574,1.59933],[2.71413,1.65087],[2.7276,1.6715],[2.73086,1.68065],[2.73036,1.6924],[2.72677,1.69955],[2.72278,1.70631],[2.7208,1.71256],[2.72098,1.71902],[2.72584,1.73126],[2.80221,1.87407]],[[0.4487,3.55475],[0.45609,3.55393],[0.48405,3.5462],[0.55,3.53872],[0.55613,3.53543],[0.56058,3.5297],[0.56445,3.52298],[0.571,3.51686],[0.57725,3.51578]],[[0.39693,3.53094],[0.40553,3.53235],[0.41357,3.53675],[0.42091,3.543],[0.43992,3.55389],[0.4487,3.55475]],[[0.36346,3.54409],[0.36936,3.54297],[0.38459,3.53421],[0.39693,3.53094]],[[0.28911,3.50894],[0.29939,3.51],[0.30797,3.51274],[0.31323,3.51746],[0.3187,3.52122],[0.32281,3.5233],[0.33329,3.52703],[0.33936,3.53011],[0.35727,3.5434],[0.36346,3.54409]],[[0.61967,3.53908],[0.62796,3.53796],[0.63352,3.5337],[0.63519,3.52733],[0.63386,3.50651],[0.63434,3.50038],[0.63497,3.49729],[0.63619,3.49498],[0.63884,3.49141],[0.64277,3.48893],[0.6973,3.46847],[0.70911,3.4668]],[[0.57725,3.51578],[0.58362,3.51778],[0.59391,3.52695],[0.59885,3.53049],[0.6071,3.53477],[0.61967,3.53908]],[[0.23321,3.5257],[0.24001,3.52558],[0.24721,3.5234],[0.26277,3.51581],[0.28911,3.50894]],[[0.20377,3.51145],[0.21269,3.51295],[0.22017,3.51713],[0.22584,3.52181],[0.23321,3.5257]],[[0.14557,3.52192],[0.16565,3.52131],[0.20377,3.51145]],[[0.10117,3.51152],[0.14557,3.52192]],[[0.70911,3.4668],[0.71381,3.46754],[0.7208,3.47017],[0.72359,3.4718],[0.72987,3.47303]],[[0.05684,3.54274],[0.06034,3.54058],[0.10117,3.51152]],[[-0.6239,-3.82981],[-0.66489,-3.82192]],[[-0.66489,-3.82192],[-0.73331,-3.82886],[-0.74183,-3.83199],[-0.75217,-3.84234],[-0.76172,-3.85552],[-0.76536,-3.86271],[-0.7674,-3.86938],[-0.76865,-3.87677],[-0.76869,-3.88999],[-0.77062,-3.89726],[-0.77483,-3.90419],[-0.78411,-3.91228],[-0.79138,-3.91479],[-0.7985,-3.91515]],[[-0.61493,-3.82254],[-0.61711,-3.82605],[-0.6239,-3.82981]],[[-0.7985,-3.91515],[-0.82539,-3.90594],[-0.83236,-3.90445]],[[-0.83236,-3.90445],[-0.85265,-3.9047],[-0.89977,-3.91231],[-0.91503,-3.91452]],[[-2.58692,2.05639],[-2.59148,2.05869],[-2.59525,2.05939],[-2.59753,2.06136],[-2.61076,2.06796]],[[-2.61076,2.06796],[-2.61791,2.06665],[-2.62297,2.06412],[-2.62477,2.0623],[-2.62831,2.06089],[-2.65037,2.0559],[-2.6728,2.05688]],[[-2.56233,2.06004],[-2.58692,2.05639]],[[-2.6728,2.05688],[-2.7059,2.06416]],[[-2.7059,2.06416],[-2.70812,2.02364],[-2.71114,2.00592],[-2.71195,1.98898],[-2.70772,1.91492],[-2.70805,1.89526],[-2.70901,1.88395],[-2.71104,1.87882],[-2.72536,1.85389],[-2.7292,1.84565],[-2.73285,1.83443],[-2.73264,1.82659],[-2.73144,1.82242],[-2.72875,1.81929],[-2.72732,1.81709],[-2.72333,1.80651],[-2.72247,1.80187],[-2.72167,1.79556],[-2.72063,1.77627],[-2.71943,1.7698],[-2.71676,1.74059],[-2.71714,1.73442],[-2.71817,1.72993],[-2.72013,1.72781],[-2.722,1.7261],[-2.72388,1.72354],[-2.72592,1.71918],[-2.72113,1.65715],[-2.72069,1.65436],[-2.71915,1.64941],[-2.71622,1.6436],[-2.70654,1.63401],[-2.70347,1.62802],[-2.70352,1.62128],[-2.70565,1.61016],[-2.70593,1.59861],[-2.70422,1.58128],[-2.70477,1.57247],[-2.7058,1.56737],[-2.70682,1.5661],[-2.7116,1.56243],[-2.71729,1.55965],[-2.72423,1.55758],[-2.73134,1.55644],[-2.75437,1.55612],[-2.76268,1.55488],[-2.76985,1.55235],[-2.77672,1.54843],[-2.78298,1.54315],[-2.79296,1.53122],[-2.7968,1.52522],[-2.79997,1.51893],[-2.80495,1.50474],[-2.8137,1.47128],[-2.81934,1.45611],[-2.82684,1.44058],[-2.8306,1.43076],[-2.83786,1.40458],[-2.84129,1.39607],[-2.84488,1.39045],[-2.85146,1.38319]],[[-2.85146,1.38319],[-2.85842,1.35444]],[[-3.43038,1.2406],[-3.42916,1.23708],[-3.42774,1.2311],[-3.42861,1.2281],[-3.43039,1.22411],[-3.43073,1.22049],[-3.43013,1.21595],[-3.4314,1.2117],[-3.43407,1.20717],[-3.43955,1.19517],[-3.45063,1.15161],[-3.45818,1.13941],[-3.46688,1.13262],[-3.47439,1.13047],[-3.4825,1.12449],[-3.48713,1.11674],[-3.49119,1.10672],[-3.49709,1.0984],[-3.50127,1.09508],[-3.50639,1.09436]],[[-3.50639,1.09436],[-3.51071,1.09673],[-3.51332,1.1012],[-3.51405,1.1046],[-3.51383,1.10913],[-3.51308,1.11513],[-3.51319,1.11751],[-3.51537,1.1203],[-3.52096,1.12149]],[[-3.52096,1.12149],[-3.53288,1.11499],[-3.54226,1.11195],[-3.55044,1.11112]],[[-3.55044,1.11112],[-3.5561,1.11338],[-3.55898,1.11564],[-3.56037,1.11721],[-3.5613,1.11882],[-3.56399,1.1212],[-3.56846,1.12403]],[[-3.56846,1.12403],[-3.57604,1.12345],[-3.58088,1.12106],[-3.58301,1.11966],[-3.58376,1.11847],[-3.58639,1.11262],[-3.59071,1.10511],[-3.59672,1.09644],[-3.6073,1.08365],[-3.61519,1.07969],[-3.6223,1.07908]],[[-3.64872,1.07776],[-3.65487,1.07851],[-3.66082,1.08166],[-3.66701,1.08638],[-3.67374,1.09004]],[[-3.67374,1.09004],[-3.68213,1.08964],[-3.68738,1.087],[-3.69253,1.07862],[-3.69342,1.07828],[-3.69355,1.07822]],[[-3.6223,1.07908],[-3.6288,1.08025]],[[-3.6288,1.08025],[-3.63542,1.08024],[-3.64872,1.07776]],[[-1.46963,1.70268],[-1.4378,1.67688],[-1.43081,1.67473],[-1.4101,1.67278],[-1.40384,1.67096],[-1.39832,1.66756],[-1.39424,1.66194],[-1.3946,1.65622],[-1.4012,1.64923],[-1.41439,1.64426],[-1.43902,1.62777],[-1.44692,1.62373],[-1.44974,1.61917],[-1.44933,1.6108]],[[-1.44933,1.6108],[-1.44511,1.60594],[-1.44005,1.60202],[-1.43644,1.59734],[-1.43667,1.59225],[-1.44293,1.58737],[-1.44981,1.5859],[-1.46339,1.58612],[-1.46919,1.58447],[-1.47357,1.57985],[-1.47401,1.57153],[-1.47143,1.56375],[-1.46795,1.55661],[-1.46593,1.55075],[-1.46306,1.54618],[-1.45812,1.54476],[-1.44651,1.54372],[-1.44356,1.53793],[-1.44466,1.52777],[-1.45054,1.50694],[-1.45201,1.49514],[-1.45165,1.48505],[-1.44777,1.47117],[-1.4503,1.4625],[-1.45648,1.45309],[-1.47254,1.43827],[-1.48196,1.43245],[-1.48998,1.42487],[-1.49411,1.41476],[-1.49625,1.40555],[-1.49679,1.39737],[-1.49669,1.38984],[-1.49617,1.3827],[-1.49619,1.37473],[-1.4968,1.36755],[-1.49824,1.36058],[-1.51681,1.30627],[-1.52362,1.29818],[-1.53325,1.28987],[-1.55327,1.27756],[-1.5684,1.27073],[-1.56997,1.27051],[-1.57722,1.26857],[-1.59142,1.25996],[-1.60713,1.24441],[-1.61538,1.22328],[-1.61063,1.2109]],[[-1.61063,1.21089],[-1.61006,1.2094],[-1.60859,1.20311],[-1.60906,1.19719],[-1.61214,1.19251],[-1.6185,1.19005],[-1.62845,1.18929],[-1.63722,1.1874],[-1.67379,1.17001],[-1.70094,1.16461],[-1.71164,1.1583],[-1.71748,1.15209],[-1.71943,1.14697],[-1.72454,1.14421]],[[-1.72454,1.14421],[-1.73284,1.14681],[-1.74815,1.15672],[-1.75544,1.15727]],[[-1.75544,1.15727],[-1.76425,1.15078],[-1.76676,1.1442],[-1.76656,1.13723],[-1.76521,1.13102],[-1.76353,1.11862],[-1.76227,1.1123],[-1.76545,1.10821],[-1.77468,1.1073]],[[-1.77468,1.1073],[-1.81314,1.12028],[-1.83192,1.12355],[-1.86137,1.13288]],[[-1.99607,0.68925],[-2.03181,0.69748]],[[-2.03181,0.69748],[-2.04412,0.69392],[-2.06754,0.66623],[-2.07041,0.65932],[-2.07174,0.6521],[-2.07394,0.64444],[-2.07979,0.63508],[-2.08755,0.63161],[-2.10659,0.62603],[-2.1126,0.62],[-2.11637,0.61458],[-2.11894,0.61]],[[-2.12569,0.59802],[-2.14236,0.60414],[-2.14572,0.60908],[-2.14833,0.61592],[-2.14908,0.62371],[-2.15209,0.63312],[-2.15971,0.64024],[-2.16693,0.6429]],[[-2.16693,0.6429],[-2.17424,0.64263],[-2.18784,0.63924]],[[-2.18784,0.63924],[-2.22724,0.64196]],[[-2.22724,0.64196],[-2.30022,0.63595],[-2.31905,0.62819],[-2.35739,0.6184],[-2.36712,0.61713]],[[-2.36712,0.61713],[-2.3823,0.62608],[-2.38957,0.6278]],[[-2.38957,0.6278],[-2.397,0.62743],[-2.41091,0.62295],[-2.41744,0.61952],[-2.42317,0.61421],[-2.42571,0.60818],[-2.42448,0.60151],[-2.41727,0.58927],[-2.41711,0.58337],[-2.4207,0.57836],[-2.45061,0.56497],[-2.46266,0.55438],[-2.46613,0.55252],[-2.47895,0.54831],[-2.52283,0.54601]],[[-2.11895,0.61],[-2.12569,0.59802]],[[-2.62823,0.5526],[-2.63484,0.55453],[-2.64112,0.5578],[-2.66686,0.57661],[-2.6742,0.57961],[-2.68409,0.58225]],[[-2.68409,0.58225],[-2.68858,0.57922],[-2.69018,0.57497],[-2.69031,0.57255],[-2.6924,0.5665]],[[-2.52283,0.54601],[-2.56036,0.55098],[-2.57966,0.55758]],[[-2.57966,0.55758],[-2.61896,0.5522],[-2.62823,0.5526]],[[-2.73592,-0.11089],[-2.74283,-0.10646],[-2.74456,-0.10131],[-2.74111,-0.09576],[-2.73598,-0.09106],[-2.73226,-0.08472],[-2.73083,-0.07754],[-2.73511,-0.0695],[-2.74063,-0.06832]],[[-2.74063,-0.06832],[-2.75368,-0.07339],[-2.76071,-0.07495],[-2.77546,-0.0759],[-2.81774,-0.08406],[-2.82489,-0.08689],[-2.8298,-0.09156],[-2.84288,-0.10877],[-2.84625,-0.11417],[-2.84632,-0.11428]],[[-2.59643,-0.13655],[-2.64228,-0.10426],[-2.65975,-0.10043]],[[-2.65975,-0.10043],[-2.67114,-0.10003],[-2.68167,-0.10295],[-2.68586,-0.10465],[-2.70805,-0.10753],[-2.71609,-0.11018],[-2.72291,-0.11102],[-2.73592,-0.11089]],[[-1.4531,0.26937],[-1.44391,0.25785],[-1.43884,0.24839],[-1.43168,0.22945],[-1.42965,0.21787],[-1.4299,0.20828],[-1.43199,0.20174],[-1.43439,0.1954],[-1.43637,0.18919],[-1.43749,0.18258],[-1.43792,0.1629],[-1.43636,0.14894],[-1.4325,0.13377],[-1.42718,0.12425],[-1.41912,0.11383],[-1.40342,0.09908],[-1.3851,0.088],[-1.37101,0.08373],[-1.36637,0.08142],[-1.36264,0.0769],[-1.36112,0.06146],[-1.35828,0.05518],[-1.35012,0.05111],[-1.30699,0.05],[-1.30009,0.048],[-1.29386,0.04453],[-1.28802,0.0397],[-1.28303,0.0335],[-1.2792,0.02721],[-1.27655,0.02127],[-1.27477,0.01541],[-1.27493,0.01278],[-1.2811,-0.01131],[-1.28045,-0.02035],[-1.27317,-0.03078],[-1.26637,-0.03677],[-1.25307,-0.0444],[-1.24525,-0.05767],[-1.25837,-0.09819]],[[-1.25837,-0.09819],[-1.26577,-0.09866],[-1.29723,-0.1184],[-1.30682,-0.12106]],[[-1.30682,-0.12106],[-1.31462,-0.12077],[-1.32104,-0.11886]],[[-1.32104,-0.11886],[-1.32736,-0.11907],[-1.33404,-0.12055],[-1.34119,-0.12347],[-1.34828,-0.12892],[-1.35534,-0.137],[-1.36321,-0.15061],[-1.36955,-0.15992],[-1.37901,-0.16948],[-1.38366,-0.17527],[-1.38664,-0.18329],[-1.38701,-0.18936],[-1.38864,-0.19371],[-1.39207,-0.19821],[-1.3999,-0.20234],[-1.40651,-0.20351]],[[-1.40651,-0.20351],[-1.4449,-0.20163]],[[-1.4449,-0.20163],[-1.45127,-0.2027],[-1.45832,-0.20617],[-1.47512,-0.22026],[-1.4937,-0.23928],[-1.50017,-0.24374],[-1.5071,-0.24647],[-1.52135,-0.24829],[-1.52662,-0.25175],[-1.52962,-0.2592],[-1.52573,-0.27432],[-1.52106,-0.28383],[-1.51557,-0.29219],[-1.51202,-0.29978],[-1.50631,-0.33854],[-1.5084,-0.3439],[-1.51184,-0.34798]],[[-1.51184,-0.34798],[-1.52814,-0.3449]],[[-2.47102,-1.15203],[-2.48069,-1.15116],[-2.49554,-1.14712],[-2.5034,-1.14146],[-2.50781,-1.1347],[-2.50952,-1.11496],[-2.51119,-1.10756],[-2.51425,-1.10051],[-2.52025,-1.09348],[-2.5262,-1.09264]],[[-2.5262,-1.09264],[-2.53175,-1.09538],[-2.53546,-1.10058],[-2.53818,-1.10646],[-2.54148,-1.11202],[-2.54589,-1.11651],[-2.55171,-1.11882],[-2.55783,-1.11885]],[[-2.55783,-1.11885],[-2.58243,-1.11349]],[[-2.58243,-1.11349],[-2.60733,-1.11387]],[[-2.38329,-1.28314],[-2.39024,-1.28156],[-2.39482,-1.27873],[-2.39981,-1.27176],[-2.40789,-1.25619],[-2.41058,-1.24937],[-2.41234,-1.24279],[-2.4134,-1.23603],[-2.4136,-1.2293],[-2.41324,-1.22231],[-2.41043,-1.20162],[-2.41092,-1.19482],[-2.41548,-1.18618],[-2.42313,-1.17622],[-2.44234,-1.16001],[-2.45351,-1.15389],[-2.46277,-1.15158]],[[-2.46277,-1.15158],[-2.47102,-1.15203]],[[-2.24197,-1.35032],[-2.27861,-1.33705],[-2.2878,-1.33213],[-2.2954,-1.32627],[-2.30711,-1.31178],[-2.31371,-1.30547],[-2.32353,-1.29908],[-2.33414,-1.29663],[-2.35592,-1.28033],[-2.36406,-1.2793]],[[-2.36406,-1.2793],[-2.38329,-1.28314]],[[-2.14222,-1.33531],[-2.16182,-1.34315]],[[-2.16182,-1.34315],[-2.18126,-1.33491]],[[-2.18126,-1.33491],[-2.19192,-1.33614],[-2.22172,-1.34791],[-2.23241,-1.35021],[-2.24197,-1.35032]],[[-2.11558,-1.26455],[-2.1158,-1.2647],[-2.12495,-1.27859],[-2.12411,-1.28223],[-2.12152,-1.2895],[-2.11713,-1.29895],[-2.11816,-1.30474],[-2.12154,-1.31047],[-2.12687,-1.31444],[-2.14222,-1.33531]],[[-1.22158,-1.04026],[-1.22507,-1.0374]],[[-1.20178,-1.10129],[-1.20807,-1.0999],[-1.21393,-1.09374],[-1.21563,-1.087],[-1.21471,-1.08032],[-1.21153,-1.07368],[-1.20691,-1.06687],[-1.20295,-1.05975],[-1.20036,-1.05075],[-1.20272,-1.04428],[-1.20819,-1.04034],[-1.21329,-1.0392]],[[-1.21329,-1.0392],[-1.22158,-1.04026]],[[-1.23213,-1.28365],[-1.23971,-1.28055],[-1.24178,-1.27573],[-1.24177,-1.2698],[-1.23956,-1.26409],[-1.23581,-1.25849],[-1.21709,-1.24344],[-1.21204,-1.2371],[-1.21011,-1.22921],[-1.21524,-1.22296],[-1.22428,-1.21735],[-1.23404,-1.20788],[-1.23738,-1.20079],[-1.23701,-1.19376],[-1.23424,-1.18769],[-1.23203,-1.18165],[-1.23111,-1.1692],[-1.22903,-1.16314],[-1.2244,-1.15816],[-1.21366,-1.15092],[-1.20251,-1.13531],[-1.18401,-1.12387],[-1.17887,-1.11749],[-1.17626,-1.10839],[-1.17776,-1.10179],[-1.18216,-1.09798],[-1.18829,-1.09765]],[[-1.18829,-1.09765],[-1.195,-1.09997],[-1.20178,-1.10129]],[[-1.17705,-1.35226],[-1.18489,-1.35008],[-1.19428,-1.34622],[-1.20785,-1.3368],[-1.21384,-1.3294],[-1.21543,-1.32257],[-1.21311,-1.31671],[-1.20949,-1.31088],[-1.2065,-1.30435],[-1.2057,-1.29728],[-1.20737,-1.28871],[-1.21228,-1.28355],[-1.21816,-1.28249]],[[-1.21816,-1.28249],[-1.23213,-1.28365]],[[-1.09071,-1.47057],[-1.09819,-1.45537],[-1.11049,-1.44458],[-1.11528,-1.43732],[-1.11981,-1.42635],[-1.12757,-1.41416],[-1.13255,-1.40024],[-1.135,-1.39123],[-1.1343,-1.38353],[-1.13229,-1.37628],[-1.12927,-1.36856],[-1.12862,-1.35769],[-1.13193,-1.35319],[-1.13693,-1.35108]],[[-1.13693,-1.35108],[-1.17705,-1.35226]],[[-1.09071,-1.47057],[-1.1113,-1.48512],[-1.11512,-1.50127],[-1.10077,-1.55231],[-1.10143,-1.56381],[-1.10512,-1.5722],[-1.10997,-1.57886],[-1.11022,-1.58583],[-1.1082,-1.59513],[-1.10844,-1.60154],[-1.11135,-1.60894],[-1.11629,-1.61456],[-1.13613,-1.63109],[-1.14178,-1.63801],[-1.1477,-1.64723],[-1.15597,-1.66422],[-1.16213,-1.67275],[-1.16871,-1.67685]],[[-1.16871,-1.67685],[-1.17488,-1.67638]],[[-1.17488,-1.67638],[-1.18217,-1.67746],[-1.18919,-1.68137],[-1.19794,-1.69417],[-1.20066,-1.70252],[-1.19982,-1.70975],[-1.19596,-1.71475],[-1.19256,-1.72115],[-1.19322,-1.73149],[-1.19828,-1.74159],[-1.20946,-1.75686],[-1.21792,-1.76493],[-1.22652,-1.76995],[-1.23952,-1.77476],[-1.24552,-1.77917],[-1.25599,-1.78879],[-1.26192,-1.79216],[-1.26825,-1.79403],[-1.28168,-1.79578],[-1.2887,-1.79808],[-1.29928,-1.80734],[-1.33192,-1.86429],[-1.34014,-1.87562],[-1.35848,-1.89343],[-1.37128,-1.9039]],[[-1.37128,-1.9039],[-1.38267,-1.91321],[-1.41775,-1.92965],[-1.4257,-1.93775],[-1.42863,-1.94419],[-1.42732,-1.94957],[-1.4251,-1.95375],[-1.42072,-1.95968],[-1.417,-1.96588],[-1.41416,-1.97165],[-1.41295,-1.97671],[-1.41443,-1.99108],[-1.4138,-1.99752],[-1.41215,-2.00219],[-1.4096,-2.0066],[-1.40764,-2.01208],[-1.40514,-2.02467],[-1.40275,-2.03091],[-1.39813,-2.03655],[-1.38641,-2.04704],[-1.38195,-2.05556],[-1.38164,-2.06541],[-1.38409,-2.07478],[-1.38512,-2.09888]],[[-1.45349,-2.11307],[-1.46773,-2.10976],[-1.47669,-2.10482],[-1.48112,-2.09959],[-1.48845,-2.096]],[[-1.48845,-2.096],[-1.49485,-2.09723],[-1.49995,-2.10146],[-1.50235,-2.10748],[-1.50307,-2.1141],[-1.5027,-2.12063],[-1.50287,-2.12722],[-1.5037,-2.13334],[-1.50598,-2.13997],[-1.51337,-2.15483],[-1.51423,-2.16151],[-1.50932,-2.17291],[-1.50621,-2.17797],[-1.50155,-2.18169],[-1.48332,-2.18816],[-1.47786,-2.19147],[-1.4734,-2.19605],[-1.4718,-2.20227],[-1.47252,-2.20883],[-1.47492,-2.21538],[-1.5033,-2.27315],[-1.51142,-2.28121],[-1.52832,-2.2926],[-1.52891,-2.29758],[-1.52553,-2.30102],[-1.51984,-2.30452],[-1.51508,-2.30937],[-1.51257,-2.3159],[-1.51301,-2.32414],[-1.51661,-2.32966],[-1.52227,-2.33271],[-1.52865,-2.33351]],[[-1.38528,-2.09935],[-1.39482,-2.10957],[-1.45349,-2.11307]],[[-1.52865,-2.33351],[-1.5351,-2.33318],[-1.54167,-2.33148],[-1.55376,-2.32531],[-1.56028,-2.32327]],[[-1.56028,-2.32327],[-1.5672,-2.32329],[-1.57519,-2.32667],[-1.57844,-2.32988],[-1.58049,-2.33545],[-1.58178,-2.34159],[-1.58501,-2.34922],[-1.59081,-2.35352],[-1.6065,-2.36019],[-1.6119,-2.3656],[-1.61621,-2.37239],[-1.62123,-2.38652],[-1.62273,-2.39215],[-1.62495,-2.40348]],[[-1.68541,-2.43111],[-1.69032,-2.42722],[-1.71016,-2.40629],[-1.71781,-2.40049],[-1.73213,-2.39454]],[[-1.73213,-2.39454],[-1.7436,-2.3961],[-1.79306,-2.41304],[-1.79943,-2.41307]],[[-1.62495,-2.40348],[-1.67038,-2.42867],[-1.68541,-2.43111]],[[-1.79943,-2.41307],[-1.80586,-2.41174],[-1.816,-2.40768]],[[-1.816,-2.40768],[-1.82342,-2.40813],[-1.83102,-2.41191],[-1.83736,-2.41805],[-1.89058,-2.44234],[-1.90532,-2.44423],[-1.91576,-2.44913],[-1.93474,-2.46143],[-1.94241,-2.46375],[-1.94927,-2.4638]],[[-1.94927,-2.4638],[-1.95412,-2.46195],[-1.96748,-2.45413],[-2.00077,-2.43987]],[[-2.00077,-2.43987],[-2.00784,-2.44106],[-2.0139,-2.44492],[-2.01801,-2.45003],[-2.02958,-2.46968],[-2.03418,-2.47612],[-2.0402,-2.48214],[-2.04901,-2.48747],[-2.05565,-2.4887]],[[-2.05565,-2.4887],[-2.06062,-2.48674],[-2.06544,-2.47726],[-2.07239,-2.47448]],[[-2.07239,-2.47448],[-2.0781,-2.47484],[-2.09738,-2.48197],[-2.10082,-2.48738]],[[-2.12466,-2.54665],[-2.14951,-2.54366],[-2.15543,-2.54215],[-2.16082,-2.53978],[-2.16442,-2.53727],[-2.16772,-2.53369],[-2.17026,-2.52803],[-2.1702,-2.5221],[-2.1683,-2.51672],[-2.16223,-2.5092],[-2.15971,-2.50444],[-2.15951,-2.4992],[-2.16042,-2.49375],[-2.16377,-2.48882],[-2.16873,-2.48497],[-2.17936,-2.48065]],[[-2.17936,-2.48065],[-2.18697,-2.48232],[-2.19444,-2.48558],[-2.21284,-2.49843],[-2.22735,-2.51494],[-2.23581,-2.52111],[-2.24481,-2.5223],[-2.25881,-2.52221]],[[-2.10082,-2.48738],[-2.10788,-2.49844],[-2.10452,-2.52394],[-2.10628,-2.53243],[-2.11148,-2.54163],[-2.11804,-2.54541],[-2.12466,-2.54665]],[[-2.25881,-2.52221],[-2.28434,-2.51665]],[[-2.28434,-2.51665],[-2.2931,-2.52087],[-2.31867,-2.53905],[-2.32489,-2.54719],[-2.32662,-2.55435],[-2.3223,-2.56091],[-2.31191,-2.5731],[-2.30863,-2.57927],[-2.30526,-2.59173],[-2.30219,-2.59835],[-2.29975,-2.605],[-2.29969,-2.6114],[-2.30599,-2.62811],[-2.31475,-2.6408],[-2.31812,-2.64974],[-2.31942,-2.65784],[-2.31926,-2.67355],[-2.32103,-2.68253],[-2.3213,-2.68918],[-2.31819,-2.69492],[-2.31424,-2.70093],[-2.31213,-2.70721],[-2.31356,-2.71339],[-2.32835,-2.7465],[-2.33341,-2.75238],[-2.33734,-2.75458],[-2.34884,-2.75457],[-2.35579,-2.7577],[-2.35745,-2.76268],[-2.35547,-2.76906],[-2.35167,-2.77612],[-2.35152,-2.78466],[-2.35607,-2.79551],[-2.36564,-2.80664],[-2.36919,-2.81452],[-2.36878,-2.82034],[-2.35853,-2.82778],[-2.35661,-2.83301],[-2.35496,-2.84491],[-2.35319,-2.84981],[-2.34804,-2.85724]],[[-2.32375,-2.85629],[-2.25667,-2.87314]],[[-2.34804,-2.85724],[-2.32375,-2.85629]],[[-0.56631,-1.87006],[-0.57391,-1.8689],[-0.58312,-1.86102],[-0.58722,-1.85258],[-0.59032,-1.842],[-0.59466,-1.8139],[-0.59703,-1.80769],[-0.60269,-1.80175],[-0.61415,-1.79672],[-0.61754,-1.79339],[-0.61591,-1.78584],[-0.60982,-1.77193],[-0.59805,-1.71794],[-0.59917,-1.70866],[-0.60278,-1.69671],[-0.61359,-1.67432],[-0.64304,-1.62647],[-0.6488,-1.61239],[-0.6529,-1.5952],[-0.65803,-1.53564],[-0.66659,-1.51711]],[[-0.01417,-1.85103],[0.04726,-1.93086],[0.06024,-1.95772],[0.05968,-1.96435],[0.05848,-1.97061],[0.05781,-1.97909],[0.05795,-1.9891],[0.06106,-2.00547],[0.06483,-2.0148],[0.06916,-2.02191],[0.09663,-2.05673],[0.10018,-2.06597],[0.10065,-2.07365],[0.09909,-2.08012],[0.09811,-2.08747],[0.09824,-2.09654],[0.09693,-2.10402],[0.09348,-2.11047],[0.09073,-2.11691],[0.08975,-2.12346],[0.08987,-2.13093],[0.09122,-2.14721],[0.09356,-2.15944],[0.10405,-2.17682],[0.1056,-2.18408],[0.1044,-2.19119],[0.09167,-2.21673],[0.08901,-2.22338],[0.08847,-2.23081],[0.09225,-2.23368],[0.10593,-2.23516],[0.12156,-2.24674],[0.14651,-2.25888],[0.15286,-2.26326],[0.16026,-2.27038],[0.16372,-2.2772],[0.16519,-2.28469],[0.16577,-2.29155],[0.16779,-2.29893],[0.17304,-2.30162],[0.17916,-2.30264]],[[0.23162,-2.29723],[0.24491,-2.2978],[0.25181,-2.29955],[0.25839,-2.30403],[0.26544,-2.31065],[0.27085,-2.32494],[0.27063,-2.3251]],[[0.17916,-2.30264],[0.23162,-2.29723]],[[0.27063,-2.3251],[0.24564,-2.34351],[0.23477,-2.36027],[0.23323,-2.36683],[0.23463,-2.38066],[0.23277,-2.38891],[0.22721,-2.39463],[0.2133,-2.40208],[0.2063,-2.40715],[0.20588,-2.41241],[0.20912,-2.41701],[0.21461,-2.42119],[0.22053,-2.42416],[0.22667,-2.42475]],[[0.23907,-2.4213],[0.24422,-2.4245],[0.24805,-2.43157],[0.25308,-2.43598],[0.25878,-2.43797]],[[0.22667,-2.42475],[0.23302,-2.42226],[0.23907,-2.4213]],[[0.27196,-2.43785],[0.27813,-2.43906],[0.28395,-2.44269],[0.29416,-2.45281],[0.31165,-2.46521],[0.31702,-2.47044],[0.32191,-2.47828],[0.32239,-2.48459],[0.32065,-2.48985],[0.31942,-2.49171],[0.31876,-2.49241],[0.29614,-2.51395],[0.28793,-2.52507],[0.28305,-2.53045],[0.27042,-2.54055],[0.26309,-2.54886],[0.25741,-2.55414],[0.24683,-2.5888]],[[0.25878,-2.43797],[0.27196,-2.43785]],[[0.24683,-2.5888],[0.23229,-2.60163],[0.22738,-2.60302],[0.19806,-2.60529],[0.18842,-2.61087],[0.17669,-2.62087],[0.17156,-2.6288],[0.16958,-2.63618],[0.16916,-2.64432],[0.16783,-2.65378],[0.15913,-2.66764],[0.15138,-2.67431],[0.14366,-2.6783],[0.13695,-2.6797],[0.13078,-2.67972]],[[0.09286,-2.6764],[0.08692,-2.6754],[0.0731,-2.67119],[0.06368,-2.6702]],[[0.06368,-2.6702],[0.04877,-2.67207],[0.0415,-2.67671],[0.03826,-2.68285],[0.03781,-2.68918],[0.03554,-2.70137],[0.03566,-2.70774],[0.03794,-2.71412],[0.04164,-2.72025],[0.04424,-2.72679],[0.04412,-2.73334],[0.04256,-2.73973],[0.04022,-2.74604],[0.03898,-2.75298],[0.04045,-2.76792],[0.04068,-2.77714],[0.03687,-2.79121],[0.03121,-2.79796],[0.02472,-2.80178],[0.01808,-2.80222]],[[0.13078,-2.67972],[0.12473,-2.67888],[0.11405,-2.67548],[0.11046,-2.67502]],[[0.11046,-2.67502],[0.09286,-2.6764]],[[0.01808,-2.80222],[0.01202,-2.80137],[0.00641,-2.79916],[-0.00167,-2.79431],[-0.00711,-2.79199],[-0.01294,-2.79166]],[[-0.01294,-2.79166],[-0.0272,-2.79364],[-0.04746,-2.79898]],[[-0.04746,-2.79898],[-0.06005,-2.81008],[-0.07018,-2.8289],[-0.07637,-2.83507],[-0.0829,-2.8396],[-0.16274,-2.87432],[-0.17371,-2.87562]],[[-0.17371,-2.87562],[-0.18011,-2.87343],[-0.21135,-2.85659],[-0.21752,-2.85445],[-0.22605,-2.85282],[-0.23615,-2.85216]],[[-0.23615,-2.85216],[-0.25295,-2.85425],[-0.26005,-2.85881],[-0.26301,-2.86508],[-0.26383,-2.87116],[-0.26564,-2.87697],[-0.27233,-2.88814],[-0.27427,-2.89393],[-0.27344,-2.90658],[-0.27508,-2.9199],[-0.275,-2.92644],[-0.27312,-2.93315],[-0.26932,-2.93946],[-0.26427,-2.9453],[-0.25329,-2.95535],[-0.24893,-2.96186],[-0.24666,-2.97011],[-0.2522,-2.98776],[-0.25356,-2.99059],[-0.25391,-2.99141],[-0.25414,-2.99249],[-0.25437,-2.99512],[-0.25418,-3.0011],[-0.25273,-3.00696],[-0.24982,-3.01256],[-0.24766,-3.01545],[-0.24642,-3.01839],[-0.24577,-3.02234],[-0.24967,-3.03067],[-0.2695,-3.04906],[-0.2868,-3.06058],[-0.30132,-3.06611],[-0.30664,-3.06736],[-0.31476,-3.06819]],[[-0.46056,-3.06523],[-0.52243,-3.0526],[-0.53729,-3.04718]],[[-0.53729,-3.04718],[-0.54575,-3.04756],[-0.55266,-3.05104],[-0.55746,-3.05629],[-0.56102,-3.06209],[-0.56277,-3.06796],[-0.56261,-3.07393],[-0.55911,-3.08649],[-0.55963,-3.09308],[-0.56285,-3.09912],[-0.57013,-3.10475],[-0.57668,-3.10569]],[[-0.31476,-3.06819],[-0.39173,-3.06061]],[[-0.39173,-3.06061],[-0.46056,-3.06523]],[[-0.65366,-3.09595],[-0.66251,-3.09583],[-0.66949,-3.09469],[-0.67578,-3.09261],[-0.68195,-3.08918],[-0.70473,-3.065]],[[-0.57668,-3.10569],[-0.5829,-3.10361],[-0.59567,-3.09238],[-0.60635,-3.08766]],[[-0.60635,-3.08766],[-0.61663,-3.0883],[-0.64382,-3.09482],[-0.65366,-3.09595]],[[-0.81273,-3.09326],[-0.81754,-3.08951],[-0.81871,-3.08389],[-0.81827,-3.07772],[-0.81988,-3.07156],[-0.82503,-3.06623],[-0.83705,-3.06235]],[[-0.83705,-3.06235],[-0.84362,-3.06457],[-0.84617,-3.06943],[-0.84718,-3.07565],[-0.84963,-3.08157],[-0.85424,-3.08709],[-0.85973,-3.09237],[-0.86471,-3.09812],[-0.86866,-3.10489],[-0.87068,-3.11179],[-0.8701,-3.11891],[-0.86838,-3.12506],[-0.86576,-3.13072],[-0.86527,-3.13537],[-0.86637,-3.14123],[-0.87226,-3.1492],[-0.87839,-3.15145],[-0.89853,-3.15251],[-0.91682,-3.15652],[-0.92571,-3.16143],[-0.92934,-3.16787],[-0.92876,-3.17437],[-0.93023,-3.18104],[-0.94142,-3.19519],[-0.94426,-3.20195],[-0.9468,-3.21693]],[[-0.70473,-3.065],[-0.76387,-3.07254],[-0.78647,-3.08053],[-0.79391,-3.0861],[-0.8055,-3.09254],[-0.81273,-3.09326]],[[0.25315,-1.54022],[0.26193,-1.54128]],[[0.19501,-1.57166],[0.20226,-1.56944],[0.2105,-1.56555],[0.23922,-1.54523],[0.24438,-1.54263],[0.25315,-1.54022]],[[0.18289,-1.56941],[0.18872,-1.57109],[0.19501,-1.57166]],[[0.10941,-1.62606],[0.11934,-1.62403],[0.13306,-1.6148],[0.17312,-1.57371],[0.18289,-1.56941]],[[0.08815,-1.60025],[0.0932,-1.60276],[0.10433,-1.62043],[0.10941,-1.62606]],[[-0.01417,-1.85103],[-0.00408,-1.81856],[0.00264,-1.8057],[0.01512,-1.78848],[0.01776,-1.78044],[0.02172,-1.74624],[0.03172,-1.7039],[0.03803,-1.68447],[0.04441,-1.6722],[0.05662,-1.66572],[0.06353,-1.65879],[0.0688,-1.63688],[0.07118,-1.61444],[0.07594,-1.60738],[0.08198,-1.60211],[0.08815,-1.60025]],[[0.62014,-1.74126],[0.6178,-1.77001],[0.61981,-1.78219],[0.62291,-1.79302],[0.6245,-1.79664],[0.62663,-1.79971],[0.63515,-1.82855],[0.64158,-1.86946],[0.65007,-1.89647],[0.65754,-1.91103],[0.67282,-1.9212],[0.68314,-1.94004],[0.68908,-1.9553],[0.71041,-2.03248]],[[1.18732,-2.15524],[1.18849,-2.20013]],[[1.18849,-2.20013],[1.19576,-2.22367],[1.20315,-2.23439],[1.20929,-2.24101],[1.21139,-2.24519],[1.21215,-2.24909],[1.21146,-2.25385],[1.21152,-2.26179],[1.21296,-2.26624],[1.21568,-2.26912],[1.22483,-2.2748],[1.23132,-2.28146],[1.2342,-2.28609],[1.23596,-2.29036],[1.23884,-2.32017],[1.23901,-2.32815],[1.23829,-2.34049],[1.23758,-2.34442],[1.23655,-2.34754],[1.23605,-2.35095],[1.23571,-2.35574],[1.23962,-2.38628],[1.24152,-2.3914],[1.24414,-2.39422]],[[1.25856,-2.3886],[1.26661,-2.38909],[1.27051,-2.38982],[1.27536,-2.39173],[1.27901,-2.39505],[1.31392,-2.44121],[1.32825,-2.45603],[1.33104,-2.46084],[1.33238,-2.46532],[1.33225,-2.46924],[1.33178,-2.47291],[1.33095,-2.47574],[1.3302,-2.47715],[1.32977,-2.47762],[1.32954,-2.47781],[1.32899,-2.47807],[1.32773,-2.47837],[1.3255,-2.47849]],[[1.24414,-2.39422],[1.24674,-2.39391],[1.25202,-2.39075],[1.25512,-2.38934],[1.25856,-2.3886]],[[1.3255,-2.47849],[1.32158,-2.47811],[1.3208,-2.47798],[1.32046,-2.47781],[1.31732,-2.47726]],[[1.31732,-2.47726],[1.31475,-2.47743],[1.31185,-2.47803],[1.31144,-2.47911],[1.31138,-2.48153],[1.31152,-2.48763],[1.31321,-2.50248],[1.31286,-2.50644],[1.31193,-2.51027],[1.31056,-2.51381],[1.307,-2.51967],[1.30244,-2.5256],[1.29818,-2.52976],[1.28948,-2.5352],[1.28494,-2.5395],[1.2832,-2.54171],[1.27872,-2.54618]],[[0.61319,-0.21982],[0.56816,-0.23467],[0.56198,-0.23883],[0.55763,-0.24301],[0.55583,-0.24524],[0.55382,-0.24825],[0.55106,-0.25183],[0.54638,-0.2558],[0.5346,-0.26298],[0.53068,-0.26801],[0.53097,-0.27557],[0.53392,-0.2799],[0.53641,-0.2824],[0.54022,-0.28494],[0.54229,-0.28791],[0.54407,-0.29274],[0.54399,-0.30684],[0.54538,-0.31649],[0.54771,-0.32451],[0.54953,-0.33449],[0.54964,-0.34583],[0.54726,-0.36517],[0.54726,-0.37715],[0.54833,-0.38684],[0.55625,-0.41459],[0.55857,-0.43107],[0.56058,-0.45914],[0.56195,-0.46614],[0.56407,-0.47317],[0.56672,-0.47985],[0.56831,-0.48726],[0.56753,-0.49487],[0.56243,-0.50394],[0.55422,-0.51053],[0.54284,-0.51564],[0.49961,-0.52463],[0.47278,-0.53962]],[[0.47278,-0.53962],[0.4695,-0.54835],[0.47021,-0.55444],[0.47448,-0.56316],[0.47982,-0.56862],[0.49775,-0.58218],[0.50325,-0.58866],[0.50709,-0.59617],[0.50878,-0.60415],[0.50759,-0.6147],[0.50548,-0.62175],[0.49718,-0.63827],[0.4956,-0.64267],[0.49508,-0.64628],[0.49482,-0.65139],[0.49487,-0.65757],[0.49558,-0.66427],[0.49574,-0.67084],[0.49471,-0.67711],[0.48567,-0.69498],[0.48487,-0.7008],[0.48644,-0.70683],[0.49697,-0.72333],[0.50681,-0.74309],[0.50956,-0.74621],[0.5138,-0.74792],[0.5187,-0.751],[0.52542,-0.76272],[0.54667,-0.81617],[0.55508,-0.83356],[0.56248,-0.84596],[0.64496,-0.91728],[0.6496,-0.92382],[0.65315,-0.93032],[0.67143,-0.9833],[0.67874,-0.99518],[0.68001,-1.00119],[0.67992,-1.01096],[0.6748,-1.02902],[0.66951,-1.04071],[0.66101,-1.05202],[0.64778,-1.06623],[0.63791,-1.07948],[0.6294,-1.09788],[0.6228,-1.13502]],[[0.9155,-1.09683],[0.92318,-1.0997],[0.93193,-1.10852],[0.9459,-1.13282],[0.95025,-1.14546],[0.95109,-1.15531],[0.94802,-1.16125],[0.9443,-1.16703],[0.94209,-1.17428],[0.94245,-1.18237],[0.94815,-1.19433],[0.95016,-1.20304],[0.95333,-1.21031],[0.95735,-1.21516],[0.96832,-1.21765],[0.99021,-1.21876],[1.00721,-1.22835],[1.03093,-1.25083]],[[0.88921,-1.11783],[0.89518,-1.11614],[0.90088,-1.11181],[0.91033,-1.10099],[0.9155,-1.09683]],[[0.82308,-1.10354],[0.8412,-1.10388],[0.85553,-1.1066],[0.88299,-1.11731],[0.88921,-1.11783]],[[0.70575,-1.14787],[0.71173,-1.14663],[0.73308,-1.14589],[0.79311,-1.13485],[0.80016,-1.13187],[0.80608,-1.12691],[0.80904,-1.12106],[0.80983,-1.11432],[0.80995,-1.10822],[0.81546,-1.10458],[0.82308,-1.10354]],[[0.67629,-1.12315],[0.68252,-1.12452],[0.68925,-1.13134],[0.69434,-1.13787],[0.69812,-1.14379],[0.70252,-1.14711],[0.70575,-1.14787]],[[0.63488,-1.14802],[0.63964,-1.14524],[0.64782,-1.1355],[0.65346,-1.13177],[0.66542,-1.1288],[0.67629,-1.12315]],[[0.6228,-1.13502],[0.62617,-1.14261],[0.63007,-1.14607],[0.63488,-1.14802]],[[1.48434,0.03145],[1.49208,0.02985],[1.50052,0.02612],[1.51279,0.01619],[1.52539,0.00123],[1.54411,-0.00931],[1.59314,-0.02123]],[[1.40645,0.00911],[1.422,0.01127],[1.46369,0.02872],[1.48434,0.03145]],[[1.34989,0.02625],[1.35898,0.02575],[1.36941,0.02296],[1.39528,0.01122],[1.40645,0.00911]],[[1.2459,-0.31328],[1.24391,-0.3061],[1.2433,-0.30271],[1.24285,-0.29712],[1.24361,-0.29285],[1.24754,-0.28194],[1.25612,-0.23441],[1.25833,-0.22759],[1.29389,-0.14668],[1.29499,-0.14312],[1.29543,-0.13927],[1.29523,-0.13556],[1.29442,-0.12826],[1.29434,-0.1246],[1.29521,-0.12092],[1.29652,-0.11749],[1.30209,-0.10862],[1.31081,-0.08791],[1.313,-0.07996],[1.3145,-0.07111],[1.31827,-0.03672],[1.31913,-0.03273],[1.32022,-0.02884],[1.32717,-0.01108],[1.32824,-0.00706],[1.33235,0.00379],[1.33322,0.00768],[1.33439,0.01689],[1.33468,0.01798],[1.33675,0.02081],[1.34073,0.0237],[1.34989,0.02625]],[[1.13262,-0.18858],[1.1513,-0.1952],[1.15696,-0.19905],[1.15875,-0.20727],[1.15803,-0.21388],[1.15807,-0.22048],[1.16057,-0.22579],[1.17448,-0.23431],[1.17932,-0.23921],[1.18078,-0.24779],[1.17915,-0.2619],[1.1807,-0.26855],[1.18724,-0.28317],[1.19176,-0.29762],[1.20515,-0.30898],[1.2459,-0.31328]],[[1.10117,-0.22589],[1.11092,-0.22507],[1.11673,-0.22077],[1.11983,-0.21489],[1.12081,-0.2086],[1.12121,-0.20197],[1.12225,-0.19537],[1.1258,-0.19089],[1.13262,-0.18858]],[[0.9838,-0.19649],[1.00979,-0.20821],[1.03683,-0.21459]],[[0.95819,-0.26617],[0.96116,-0.25781],[0.9664,-0.23672],[0.97037,-0.21254],[0.97187,-0.20666],[0.97402,-0.201],[0.97792,-0.19729],[0.9838,-0.19649]],[[1.06866,-0.20034],[1.07488,-0.20025],[1.08248,-0.20863],[1.08735,-0.2158],[1.09391,-0.22258],[1.10117,-0.22589]],[[1.03683,-0.21459],[1.04971,-0.21313],[1.05865,-0.20909],[1.06304,-0.20354],[1.06866,-0.20034]],[[1.71181,0.81477],[1.70236,0.82595],[1.69868,0.83262],[1.69597,0.84512],[1.69506,0.85353],[1.69376,0.88144],[1.69257,0.8893],[1.69047,0.89586],[1.68395,0.90241],[1.67721,0.90607],[1.67054,0.91097],[1.6653,0.91916],[1.66236,0.9329],[1.66134,0.94209],[1.6611,0.94983],[1.66015,0.95666],[1.65754,0.96303],[1.65115,0.96925],[1.64457,0.97137],[1.63793,0.97233],[1.63262,0.97448],[1.6291,0.97958],[1.62958,0.98812],[1.63061,0.99535],[1.63366,1.00895],[1.63767,1.01493],[1.64343,1.01862],[1.64956,1.02071],[1.66041,1.02233],[1.6627,1.02324],[1.66382,1.02425],[1.67069,1.03685],[1.68028,1.04891],[1.68448,1.05526],[1.68635,1.06256],[1.68642,1.07023],[1.68494,1.07743],[1.68272,1.08464],[1.67936,1.09134],[1.675,1.09705],[1.67122,1.10372],[1.67145,1.10972],[1.67303,1.11622],[1.67294,1.12232],[1.67065,1.12862],[1.66607,1.13477],[1.66056,1.13994],[1.65375,1.14248]],[[1.65375,1.14248],[1.64666,1.1415],[1.6382,1.13452],[1.63432,1.12746],[1.62579,1.11913]],[[1.62579,1.11913],[1.60261,1.12942]],[[1.5366,0.502],[1.54816,0.51202],[1.56986,0.52441],[1.57407,0.52881],[1.57664,0.5352],[1.57533,0.5438],[1.57209,0.54985],[1.56987,0.55694],[1.56878,0.56507],[1.56975,0.57186],[1.57275,0.57767],[1.57867,0.58161],[1.59275,0.58821],[1.60114,0.59506],[1.6125,0.60067],[1.6237,0.60451],[1.63048,0.61111],[1.63796,0.62212],[1.69056,0.71614],[1.69568,0.7277],[1.69756,0.75464],[1.71181,0.81477]],[[-1.69918,2.4686],[-1.70219,2.46405],[-1.71438,2.43628],[-1.7138,2.42882],[-1.71134,2.42013],[-1.70782,2.41536],[-1.69847,2.40618],[-1.69274,2.40354],[-1.68601,2.40283]],[[-1.67077,2.40337],[-1.62052,2.38757],[-1.61408,2.38719]],[[-1.68601,2.40283],[-1.67077,2.40337]],[[-1.58636,2.39702],[-1.58129,2.39273],[-1.57809,2.38645],[-1.57718,2.37976],[-1.57545,2.37267],[-1.57292,2.36493],[-1.54372,2.32126],[-1.53584,2.31398],[-1.52648,2.3087],[-1.5022,2.30119],[-1.49497,2.29633],[-1.49037,2.29205],[-1.48717,2.28633],[-1.48173,2.2745],[-1.47947,2.26767],[-1.4793,2.26668],[-1.47932,2.26581],[-1.48052,2.25978],[-1.48222,2.25433],[-1.48525,2.24823],[-1.49028,2.24202],[-1.49598,2.23628],[-1.50045,2.23017],[-1.50035,2.22305],[-1.49607,2.21908],[-1.48858,2.21569],[-1.48429,2.21002],[-1.47539,2.19492],[-1.46812,2.19068],[-1.46171,2.18864],[-1.44436,2.18032]],[[-1.61408,2.38719],[-1.60809,2.38917],[-1.59622,2.39655],[-1.58636,2.39702]],[[0.00842,1.40569],[0.01426,1.40796],[0.01957,1.41332],[0.03017,1.42673],[0.03685,1.43257],[0.05088,1.44088],[0.05701,1.44553],[0.06282,1.4543],[0.07528,1.48542],[0.07901,1.49754],[0.0767,1.51506],[0.07523,1.52229],[0.07231,1.52898],[0.06167,1.54052],[0.04113,1.55727],[0.0353,1.56401],[0.03018,1.57288],[0.01793,1.62145],[0.01514,1.62821],[0.01035,1.63387],[0.00539,1.6382],[-0.00363,1.64305],[-0.02902,1.65064],[-0.04094,1.65227]],[[-0.04094,1.65227],[-0.04967,1.65226]],[[-0.00052,1.40641],[0.00842,1.40569]],[[-0.06747,1.25986],[-0.06131,1.26025],[-0.05505,1.26221],[-0.03341,1.27621],[-0.01172,1.28492],[-0.00514,1.28946],[-0.0,1.29828],[0.00084,1.30565],[-0.0,1.31251],[-0.00167,1.32003],[-0.00072,1.32602],[0.00136,1.33061],[0.0048,1.33613],[0.00813,1.34419],[0.00688,1.35077],[0.00031,1.36185],[-0.00249,1.37181],[-0.00524,1.39672],[-0.00364,1.4041],[-0.00052,1.40641]],[[-0.08022,1.26075],[-0.06747,1.25986]],[[-0.02076,1.06516],[-0.02663,1.08086],[-0.04652,1.10663],[-0.0506,1.11648],[-0.05089,1.12453],[-0.0443,1.13664],[-0.04429,1.14605],[-0.04825,1.15693],[-0.05754,1.17481],[-0.06505,1.18395],[-0.08398,1.20153],[-0.0898,1.20564],[-0.09659,1.20797],[-0.10285,1.20829],[-0.10986,1.21323],[-0.11266,1.21945],[-0.11388,1.22744],[-0.11314,1.23667],[-0.11114,1.24641],[-0.11041,1.24796],[-0.1058,1.25313],[-0.10036,1.25669],[-0.094,1.25912],[-0.08022,1.26075]],[[-0.08469,1.01826],[-0.09734,1.0341],[-0.09555,1.03817],[-0.09534,1.04195],[-0.06761,1.05751],[-0.06102,1.05983],[-0.03481,1.06026],[-0.02076,1.06516]],[[1.13737,1.53084],[1.16017,1.5152],[1.20142,1.50717],[1.20924,1.5018],[1.21082,1.49588],[1.20476,1.48395],[1.2071,1.47685],[1.21447,1.47314],[1.23861,1.46488],[1.24486,1.45981],[1.24778,1.4553],[1.24766,1.45137],[1.24622,1.44628],[1.23951,1.43494],[1.23715,1.42828],[1.2371,1.42075],[1.2409,1.41162],[1.24587,1.40769],[1.2514,1.40725]],[[1.26421,1.42448],[1.27133,1.42305],[1.30668,1.37937],[1.3222,1.35559],[1.33531,1.3277],[1.33746,1.32105],[1.33772,1.31471],[1.33578,1.30898],[1.33056,1.30494],[1.32465,1.30345],[1.31149,1.30225],[1.3052,1.29979],[1.30052,1.29481],[1.29948,1.28645],[1.30331,1.27929],[1.31015,1.27209],[1.31546,1.26444],[1.3156,1.26309],[1.31585,1.25707],[1.32035,1.22845],[1.32266,1.21933],[1.3283,1.2073],[1.33533,1.2019],[1.34195,1.20036]],[[1.2514,1.40725],[1.25559,1.41113],[1.26064,1.4213],[1.26421,1.42448]],[[1.36187,1.22016],[1.36995,1.21871],[1.37664,1.21022],[1.38787,1.19222],[1.39516,1.18267],[1.40225,1.17584],[1.41575,1.16741],[1.4224,1.16472],[1.42901,1.16435]],[[1.34195,1.20036],[1.34692,1.2025],[1.35049,1.20568],[1.35778,1.21598],[1.36187,1.22016]],[[1.46881,1.19417],[1.47366,1.19018],[1.476,1.18473],[1.47669,1.1786],[1.47939,1.17143],[1.48598,1.16444],[1.4985,1.15409],[1.51546,1.14425],[1.52317,1.14168],[1.52714,1.1383],[1.52944,1.13459],[1.53163,1.12047],[1.5361,1.11049],[1.54172,1.10812]],[[1.42901,1.16435],[1.43561,1.1652],[1.44162,1.16743],[1.44662,1.17194],[1.45045,1.17716],[1.45249,1.18305],[1.45651,1.18867],[1.46101,1.19279],[1.46881,1.19417]],[[1.57265,1.12925],[1.57864,1.12824],[1.58266,1.12325],[1.5869,1.11605],[1.59206,1.11473]],[[1.54172,1.10812],[1.54841,1.10982],[1.5671,1.12578],[1.57265,1.12925]],[[1.59206,1.11473],[1.59668,1.1181],[1.59991,1.12209],[1.60261,1.12942]],[[1.10046,1.51665],[1.11135,1.51699],[1.11857,1.51926],[1.13737,1.53084]],[[1.07838,1.52285],[1.10046,1.51665]],[[0.86438,1.4281],[0.88917,1.45026],[1.03354,1.47209],[1.04187,1.47612],[1.04582,1.48145],[1.04487,1.48771],[1.04461,1.49583],[1.04723,1.50485],[1.06041,1.51798],[1.06967,1.52208],[1.07838,1.52285]],[[1.48487,3.05806],[1.49701,3.0649],[1.52962,3.09528],[1.54043,3.10128],[1.55276,3.11022],[1.55309,3.12577]],[[1.39032,3.09736],[1.40019,3.09407],[1.41984,3.07727],[1.42606,3.07445],[1.43255,3.07362]],[[1.29462,2.74604],[1.32083,2.77397],[1.33543,2.78585],[1.33976,2.79123],[1.33994,2.79985],[1.33762,2.80717],[1.33399,2.81435],[1.33127,2.82107],[1.3302,2.82757],[1.33052,2.83441],[1.33354,2.84334],[1.35241,2.87396],[1.36482,2.89069],[1.37589,2.92365],[1.37803,2.934],[1.37659,2.9425],[1.37029,2.959],[1.36881,2.96499],[1.36839,2.96958],[1.36769,2.97338],[1.36515,2.9778],[1.35621,2.9834],[1.35375,2.98828],[1.34861,3.00739],[1.34813,3.01025],[1.34819,3.01185],[1.35043,3.01469],[1.3542,3.0209],[1.36288,3.03249],[1.36436,3.0489],[1.36402,3.05393],[1.36532,3.06215],[1.36542,3.06609],[1.36531,3.07024],[1.36577,3.07524],[1.36863,3.08169],[1.3734,3.08831],[1.38181,3.09527],[1.39032,3.09736]],[[1.46031,3.0769],[1.466,3.07588],[1.4712,3.0734],[1.47367,3.06839],[1.47545,3.063],[1.47828,3.05884],[1.48487,3.05806]],[[1.43255,3.07362],[1.46031,3.0769]],[[1.31702,2.20471],[1.3173,2.23387],[1.31106,2.25791],[1.30943,2.26153],[1.28749,2.28185],[1.2652,2.29805],[1.26216,2.30094],[1.25893,2.30704],[1.25803,2.31494],[1.26213,2.32691],[1.2727,2.34264],[1.27364,2.35004],[1.27074,2.3597],[1.26759,2.36757],[1.26592,2.37762],[1.26595,2.3887],[1.27018,2.4081],[1.27451,2.41868],[1.28056,2.42621],[1.28711,2.42939],[1.30905,2.43574],[1.31459,2.43861],[1.31798,2.44133],[1.32174,2.44627],[1.32499,2.45227],[1.32727,2.45882],[1.32818,2.4671],[1.32823,2.47729],[1.32632,2.4919],[1.32797,2.50287],[1.33119,2.50858],[1.33337,2.51112],[1.33467,2.51207],[1.33565,2.5136],[1.33676,2.51785],[1.3364,2.52432],[1.33149,2.53263],[1.32609,2.53713],[1.31227,2.54199],[1.30815,2.54796],[1.30472,2.55852],[1.30354,2.60152],[1.30191,2.61356],[1.29762,2.63068],[1.28111,2.67536],[1.28092,2.68322],[1.28258,2.6916],[1.28869,2.70318],[1.29608,2.7202],[1.29462,2.74604]],[[1.51745,2.02488],[1.505,2.02803],[1.45003,2.05748],[1.40256,2.0954],[1.37153,2.11129],[1.34788,2.1308],[1.34018,2.13898],[1.33353,2.14951],[1.32926,2.15921],[1.32627,2.16751],[1.3224,2.19886],[1.31702,2.20471]],[[1.63164,1.94033],[1.56405,2.00035],[1.55897,2.0085],[1.55627,2.01482],[1.55608,2.0176],[1.55584,2.01909],[1.54945,2.02303],[1.53877,2.02555]],[[1.53877,2.02555],[1.51745,2.02488]],[[2.75778,1.90038],[2.7515,1.90113],[2.74604,1.90266],[2.73842,1.90619],[2.73443,1.90933],[2.7326,1.91272],[2.73019,1.91944],[2.73166,1.9287],[2.73649,1.94502],[2.73756,1.95432],[2.73719,1.96922],[2.74018,2.01461],[2.73889,2.05129],[2.74239,2.05919],[2.74718,2.06417],[2.75208,2.06776],[2.74562,2.07222],[2.71096,2.08915]],[[2.80221,1.87407],[2.80178,1.8859],[2.79752,1.8921],[2.78732,1.90086],[2.77873,1.90283]],[[2.77873,1.90283],[2.75778,1.90038]],[[0.7102,3.13727],[0.7176,3.14041],[0.72538,3.14723],[0.7335,3.1638],[0.74022,3.17256],[0.74678,3.17864],[0.75316,3.18152],[0.75872,3.18616],[0.76853,3.19828],[0.79153,3.21957],[0.79777,3.22684],[0.80015,3.23619],[0.80024,3.24951],[0.79565,3.26078],[0.78522,3.27061],[0.78329,3.27738],[0.78767,3.31267],[0.79151,3.32381],[0.8013,3.3414],[0.80673,3.35392],[0.80793,3.36039],[0.80798,3.36958],[0.8055,3.38013],[0.79681,3.39721],[0.79064,3.40616],[0.7858,3.41576],[0.78615,3.43698],[0.78454,3.45329]],[[0.697,3.1376],[0.7102,3.13727]],[[0.68819,2.90572],[0.68275,2.9201],[0.67398,2.92496],[0.67641,2.93278],[0.68007,2.93856],[0.68589,2.94312],[0.69871,2.94608],[0.69532,2.95726],[0.68279,2.97785],[0.67915,2.98562],[0.67834,2.99429],[0.68245,3.00343],[0.69403,3.01442],[0.69749,3.02097],[0.69603,3.03134],[0.69328,3.03994],[0.69297,3.04806],[0.69587,3.0576],[0.69768,3.06559],[0.69583,3.07531],[0.69231,3.08211],[0.68971,3.08891],[0.68647,3.10228],[0.68104,3.11669],[0.67954,3.12364],[0.68447,3.13165],[0.69039,3.1358],[0.697,3.1376]],[[0.26283,1.90818],[0.26041,1.91751],[0.26221,1.92899],[0.26596,1.94144],[0.26645,1.94596],[0.26602,1.94982],[0.25864,1.9642],[0.25964,1.97075],[0.26331,1.97737],[0.27734,1.98946],[0.27916,1.99484],[0.27843,1.99814],[0.27107,2.00943],[0.26805,2.01556],[0.26926,2.02096],[0.27284,2.02384],[0.2832,2.02662],[0.29123,2.02688],[0.29936,2.02969],[0.30591,2.03621],[0.31078,2.04834],[0.3157,2.06606],[0.327,2.08418],[0.35613,2.11]],[[-0.80655,3.26516],[-0.80707,3.27633],[-0.80898,3.28325],[-0.81487,3.29766],[-0.82775,3.31979],[-0.83412,3.33489],[-0.84305,3.37417],[-0.85221,3.38856],[-0.95635,3.50242],[-1.04738,3.56915]],[[-0.80608,2.74621],[-0.80121,2.7467],[-0.79783,2.74896],[-0.79639,2.7501],[-0.79576,2.75146],[-0.79997,2.76752],[-0.81675,2.81147],[-0.83434,2.88269],[-0.83598,2.91161]],[[-0.83331,2.77125],[-0.82698,2.76794],[-0.82158,2.7625],[-0.81417,2.75103],[-0.81297,2.74971],[-0.81062,2.748],[-0.80608,2.74621]],[[-0.85195,2.73185],[-0.85519,2.74434],[-0.85629,2.75093],[-0.85544,2.75352],[-0.84677,2.76666],[-0.84032,2.77058],[-0.83331,2.77125]],[[-0.90569,2.58495],[-0.87219,2.69233],[-0.85195,2.73185]],[[0.05231,2.60063],[0.09243,2.58766],[0.09783,2.58159],[0.10437,2.57271],[0.11431,2.55029],[0.11535,2.54076],[0.11324,2.53085],[0.1105,2.52434],[0.10878,2.51841],[0.1089,2.51374],[0.11116,2.50506],[0.11565,2.49908],[0.21063,2.4151],[0.21852,2.41266]],[[0.23462,2.42003],[0.23912,2.41579],[0.24181,2.41018],[0.24453,2.39487],[0.24561,2.38269],[0.24677,2.3759],[0.25244,2.36624],[0.27596,2.34848],[0.2869,2.34408],[0.29636,2.3427]],[[0.21852,2.41266],[0.22931,2.41905],[0.23462,2.42003]],[[0.29636,2.3427],[0.31504,2.34595]],[[0.02971,2.58675],[0.03695,2.58984],[0.05231,2.60063]],[[-0.24505,2.59283],[-0.229,2.58904],[-0.21733,2.57636],[-0.20962,2.57066]],[[-0.27343,2.57972],[-0.24505,2.59283]],[[0.01953,2.58751],[0.02971,2.58675]],[[-0.01408,2.5726],[-0.00878,2.57333],[0.00153,2.58261],[0.01068,2.58653],[0.01953,2.58751]],[[-0.03045,2.58339],[-0.02373,2.58081],[-0.01408,2.5726]],[[-0.09229,2.56959],[-0.04074,2.57901],[-0.03045,2.58339]],[[-0.13472,2.58129],[-0.12832,2.5805],[-0.09229,2.56959]],[[-0.16035,2.56253],[-0.15527,2.56515],[-0.15179,2.5688],[-0.14827,2.57431],[-0.14113,2.58012],[-0.13472,2.58129]],[[-0.18893,2.57689],[-0.18321,2.57486],[-0.17692,2.56813],[-0.17367,2.56578],[-0.16687,2.56261],[-0.16035,2.56253]],[[-0.20962,2.57066],[-0.20278,2.57078],[-0.18893,2.57689]],[[-0.33565,1.65031],[-0.33265,1.65111],[-0.32899,1.65454],[-0.32803,1.65995],[-0.32975,1.66572],[-0.33343,1.67381],[-0.33383,1.67565],[-0.33371,1.67851],[-0.32638,1.69073],[-0.32479,1.69705],[-0.32454,1.70382],[-0.32946,1.71247],[-0.33809,1.72195],[-0.37548,1.74727],[-0.37631,1.74893],[-0.37751,1.75208],[-0.38638,1.78959],[-0.39003,1.79843],[-0.39994,1.81201]],[[-0.39994,1.81201],[-0.40581,1.81115]],[[-0.12623,1.62732],[-0.13669,1.62977],[-0.13688,1.63575],[-0.13437,1.64209],[-0.13145,1.64792],[-0.1332,1.65307],[-0.14138,1.65645]],[[-0.14138,1.65645],[-0.15954,1.65482],[-0.16981,1.65101],[-0.17645,1.64477],[-0.18155,1.63779],[-0.18799,1.63065],[-0.20154,1.62214],[-0.21067,1.61939]],[[-0.35232,1.65439],[-0.33565,1.65031]],[[-0.34635,1.61918],[-0.35637,1.6219],[-0.36267,1.62646],[-0.36719,1.63177],[-0.36797,1.63769],[-0.3669,1.64422],[-0.36364,1.6499],[-0.35835,1.65391],[-0.35232,1.65439]],[[-0.04967,1.65226],[-0.11687,1.62797],[-0.12623,1.62732]],[[-0.21067,1.61939],[-0.30208,1.62734]],[[-0.30208,1.62734],[-0.31289,1.62608],[-0.33667,1.61922],[-0.34635,1.61918]],[[-0.49562,1.80394],[-0.50354,1.80687],[-0.50762,1.81161],[-0.50882,1.81789],[-0.51235,1.82475],[-0.51829,1.8309],[-0.52744,1.83764]],[[-0.52744,1.83764],[-0.53406,1.83735],[-0.53884,1.83326],[-0.54465,1.82012],[-0.54832,1.81423],[-0.55447,1.8086],[-0.57723,1.79825],[-0.67414,1.77712]],[[-0.42602,1.80817],[-0.45543,1.82593]],[[-0.45543,1.82593],[-0.46246,1.82511],[-0.46662,1.82108],[-0.47093,1.81426],[-0.4785,1.80878],[-0.49562,1.80394]],[[-0.40586,1.81114],[-0.42602,1.80817]],[[-0.67414,1.77712],[-0.68482,1.78473],[-0.6858,1.78959],[-0.68509,1.79542],[-0.68153,1.80058],[-0.67573,1.80625],[-0.66607,1.82013],[-0.6667,1.82571],[-0.66873,1.82935],[-0.68085,1.83626],[-0.68681,1.84696],[-0.68993,1.85969],[-0.69293,1.88293],[-0.69774,1.89339],[-0.70362,1.90058],[-0.70975,1.9056],[-0.71586,1.91372],[-0.7178,1.92177],[-0.7179,1.94511]]]}}]}